,customer_id,first_name,last_name,email,phone_number,member_since,DOB
0,CAP1,Ashley,Patterson,ashley.patterson@participant.edu,+10404428040,2021,1981-01-17
1,CAF2,Alexis,Ford,alexis.ford@gmail.com,+14134821334,2022,1985-12-23
2,CMV3,Madison,Valdez,madison.valdez@yahoo.com,+16001933835,2021,2004-01-24
3,CAH4,Austin,Henry,austin.henry@yahoo.com,+10581240486,2021,1991-10-07
4,CJC5,John,Cisneros,john.cisneros@gmail.com,+11536170189,2021,1986-09-23
5,CBD6,Bradley,Dalton,bradley.dalton@yahoo.com,+14615823691,2023,1997-06-17
6,CMF7,Michael,Fisher,michael.fisher@yahoo.com,+17325082241,2021,1989-07-29
7,CEB8,Emily,Bryant,emily.bryant@rich.edu,+18792441681,2020,1990-10-31
8,CKC9,Kevin,Cox,kevin.cox@loss.edu,+13375098840,2022,1991-08-31
9,CKH10,Katrina,Haas,katrina.haas@gmail.com,+11687187932,2020,1993-02-04
10,CCW11,Christina,Williams,christina.williams@yahoo.com,+14691266658,2021,1988-03-27
11,CJL12,Joe,Lee,joe.lee@gmail.com,+18948780979,2022,1982-01-28
12,CKD13,Kevin,Diaz,kevin.diaz@gmail.com,+16159130120,2022,1999-06-03
13,CJE14,John,Estrada,john.estrada@yahoo.com,+18787472517,2023,1983-06-22
14,CRB15,Ryan,Brown,ryan.brown@gmail.com,+14438177833,2021,1989-11-14
15,CMS16,Mark,Shaw,mark.shaw@gmail.com,+16265524374,2021,1988-02-20
16,CJG17,Jeffrey,Gutierrez,jeffrey.gutierrez@yahoo.com,+15053791645,2020,2000-10-16
17,CAT18,Anthony,Turner,anthony.turner@policy.edu,+18033762110,2023,1990-08-14
18,CDF19,Diane,Ferguson,diane.ferguson@gmail.com,+15045998533,2020,1979-10-28
19,CCC20,Christopher,Cruz,christopher.cruz@gmail.com,+15879306058,2021,2000-05-03
20,CNB21,Neil,Burke,neil.burke@yahoo.com,+16116890953,2021,2007-07-10
21,CTM22,Tamara,Mejia,tamara.mejia@yahoo.com,+15318767918,2022,2005-08-24
22,CGA23,Garrett,Aguirre,garrett.aguirre@yourself.edu,+15306086149,2021,1989-07-27
23,CMW24,Michael,Waller,michael.waller@like.edu,+13003901631,2023,1972-08-14
24,CJH25,John,Hill,john.hill@yahoo.com,+15431147478,2023,1982-09-16
25,CAH26,Alejandra,Hancock,alejandra.hancock@gmail.com,+15458309117,2022,1978-04-26
26,CSM27,Stephen,Martin,stephen.martin@range.edu,+12683966501,2020,1990-11-27
27,CST28,Sherry,Thompson,sherry.thompson@yahoo.com,+16064532391,2020,1980-07-07
28,CTB29,Timothy,Bailey,timothy.bailey@learn.edu,+10406481034,2023,1993-11-13
29,CJG30,Jeffrey,Gardner,jeffrey.gardner@gmail.com,+12282265450,2023,1986-10-17
30,CMF31,Martin,Flores,martin.flores@gmail.com,+10079130466,2023,1993-11-02
31,CJS32,Jose,Sullivan,jose.sullivan@cold.edu,+11754134976,2023,1996-02-04
32,CPK33,Peter,Kane,peter.kane@yahoo.com,+12002937526,2022,1990-08-21
33,CPD34,Patricia,Doyle,patricia.doyle@gmail.com,+15674576665,2022,1995-07-05
34,CJO35,Joseph,Olson,joseph.olson@gmail.com,+13648361281,2020,1981-03-26
35,CBB36,Bryan,Burns,bryan.burns@gmail.com,+10648873614,2021,1990-02-20
36,CRT37,Rachael,Taylor,rachael.taylor@gmail.com,+14225659516,2022,1988-06-30
37,CBR38,Brenda,Ryan,brenda.ryan@might.edu,+19146953779,2023,1994-05-26
38,CJH39,Jacqueline,Hansen,jacqueline.hansen@gmail.com,+10032456919,2021,1981-08-24
39,CTP40,Tanya,Perry,tanya.perry@yahoo.com,+13773619213,2021,1997-07-22
40,CMG41,Monica,Gonzales,monica.gonzales@attention.edu,+14867107165,2023,1986-06-02
41,CBD42,Brent,Davis,brent.davis@boy.edu,+13099463622,2022,1994-07-04
42,CCB43,Charlene,Bass,charlene.bass@gmail.com,+10433286542,2023,1999-03-20
43,CTE44,Todd,Ellis,todd.ellis@gmail.com,+18491178595,2020,1995-08-13
44,CKL45,Kim,Livingston,kim.livingston@yahoo.com,+15809788309,2020,1998-02-19
45,CJH46,Jessica,Hurst,jessica.hurst@save.edu,+17626424437,2021,1993-05-26
46,CSM47,Stephen,Murphy,stephen.murphy@nature.edu,+17537412658,2020,1994-05-31
47,CRH48,Regina,Hernandez,regina.hernandez@economy.edu,+17804711135,2023,1989-03-15
48,CMJ49,Marcus,Johnson,marcus.johnson@gmail.com,+11470630216,2022,1987-03-06
49,CDC50,Dawn,Chapman,dawn.chapman@gmail.com,+15947357652,2023,1992-11-17
50,CCJ51,Courtney,Johnson,courtney.johnson@gmail.com,+14737405531,2020,1991-11-28
51,CSG52,Suzanne,Graham,suzanne.graham@yahoo.com,+17071433729,2023,1989-05-21
52,CJR53,John,Roberts,john.roberts@yahoo.com,+18082079690,2020,1996-01-07
53,CBG54,Brandon,Gentry,brandon.gentry@gmail.com,+11471424278,2021,1986-01-13
54,CTG55,Tonya,Garcia,tonya.garcia@technology.edu,+11915806710,2021,1984-12-17
55,CJS56,Justin,Santiago,justin.santiago@chance.edu,+16052875934,2020,1990-01-26
56,CMM57,Michael,Morales,michael.morales@stop.edu,+11823545007,2022,1972-07-17
57,CJB58,James,Bailey,james.bailey@gmail.com,+12775838688,2020,1984-05-11
58,CBS59,Brittany,Simmons,brittany.simmons@gmail.com,+19741460544,2023,1992-08-06
59,CGP60,Gabrielle,Parker,gabrielle.parker@gmail.com,+10621807886,2023,1994-08-06
60,CMW61,Michelle,Walton,michelle.walton@gmail.com,+14845753543,2023,1993-07-22
61,CAH62,Alexandra,Henderson,alexandra.henderson@yahoo.com,+17867596341,2023,1995-09-18
62,CJC63,Julia,Clark,julia.clark@gmail.com,+19684894231,2020,1982-09-02
63,CMB64,Michael,Burton,michael.burton@product.edu,+11055915343,2022,1997-04-13
64,CAC65,Adrian,Coleman,adrian.coleman@gmail.com,+11930054526,2020,1992-05-07
65,CNS66,Nancy,Savage,nancy.savage@reach.edu,+12847463429,2021,1995-12-07
66,CJB67,James,Barton,james.barton@gmail.com,+13854187332,2022,1983-05-01
67,CCB68,Christopher,Brown,christopher.brown@gmail.com,+10841618056,2022,2003-01-18
68,CMC69,Michael,Coleman,michael.coleman@daughter.edu,+11856109107,2020,1994-08-07
69,CCC70,Courtney,Campbell,courtney.campbell@gmail.com,+10559516893,2020,1992-09-03
70,CKP71,Kelly,Porter,kelly.porter@yahoo.com,+10916849458,2023,1989-02-22
71,CJA72,Joseph,Alexander,joseph.alexander@gmail.com,+18816215733,2022,1988-01-05
72,CMH73,Michael,Hill,michael.hill@yahoo.com,+15588011274,2023,1993-06-04
73,CSW74,Sean,Woods,sean.woods@yahoo.com,+13026527015,2020,1983-10-15
74,CCF75,Christopher,Fernandez,christopher.fernandez@yahoo.com,+13843947284,2023,1989-03-07
75,CLS76,Laurie,Sullivan,laurie.sullivan@yahoo.com,+10341859671,2023,1971-12-16
76,CGM77,Gary,Morrison,gary.morrison@gmail.com,+16809894396,2020,2003-10-07
77,CJJ78,Jennifer,Jones,jennifer.jones@yahoo.com,+13905453532,2020,1986-09-25
78,CJT79,Jessica,Torres,jessica.torres@gmail.com,+10563134720,2022,2000-01-23
79,CMM80,Mark,Morris,mark.morris@sit.edu,+10517319823,2023,1998-01-31
80,CRB81,Randy,Brooks,randy.brooks@police.edu,+12969768643,2023,1975-10-26
81,CJJ82,Jacob,Jackson,jacob.jackson@beyond.edu,+11919988260,2023,1977-09-28
82,CAM83,Angela,Montoya,angela.montoya@gmail.com,+13362698272,2023,2006-07-20
83,CJM84,Jeffrey,Mcgee,jeffrey.mcgee@gmail.com,+13119860602,2023,1993-06-25
84,CJA85,James,Armstrong,james.armstrong@leg.edu,+16829581760,2021,1992-03-23
85,CRB86,Robin,Ballard,robin.ballard@personal.edu,+12062241632,2021,2008-10-02
86,CAH87,Allen,Harris,allen.harris@gmail.com,+14427857828,2020,1992-02-03
87,CPL88,Pamela,Lee,pamela.lee@worker.edu,+16584721581,2022,1988-07-21
88,CLG89,Lisa,Gallagher,lisa.gallagher@yahoo.com,+12076350794,2023,1989-12-17
89,CMW90,Mark,Williams,mark.williams@gmail.com,+18426406967,2023,2007-08-27
90,CBJ91,Belinda,Johnson,belinda.johnson@gmail.com,+16923253865,2020,1982-11-02
91,CMS92,Michele,Sanders,michele.sanders@gmail.com,+13456349525,2023,1989-09-28
92,CDM93,Danielle,Mejia,danielle.mejia@gmail.com,+17948070507,2020,1992-03-12
93,CCL94,Catherine,Lin,catherine.lin@community.edu,+19561238190,2021,1997-09-24
94,CAM95,Anthony,Mccall,anthony.mccall@gmail.com,+11667640661,2022,1986-01-02
95,CLD96,Linda,Davis,linda.davis@gmail.com,+14190680449,2020,1984-05-09
96,CBB97,Becky,Bailey,becky.bailey@child.edu,+12772958635,2022,1995-07-23
97,CSW98,Sandra,Wallace,sandra.wallace@gmail.com,+15245857673,2022,1990-12-25
98,CCS99,Chelsea,Sharp,chelsea.sharp@PM.edu,+12943017113,2022,1985-01-30
99,CGH100,Gregory,Holloway,gregory.holloway@gmail.com,+12832457297,2022,2007-05-03
100,CMS101,Mallory,Sosa,mallory.sosa@must.edu,+13692230810,2022,1990-10-05
101,CSL102,Stephen,Lee,stephen.lee@yahoo.com,+14938995657,2020,2006-12-16
102,CDW103,Danielle,Williams,danielle.williams@yahoo.com,+11484787735,2023,1999-01-31
103,CJW104,Jacob,Walters,jacob.walters@yahoo.com,+15561588216,2020,1987-12-10
104,CRB105,Roy,Blankenship,roy.blankenship@yahoo.com,+13367648730,2021,1992-11-08
105,CMB106,Michael,Bennett,michael.bennett@gmail.com,+11431096697,2023,1994-11-25
106,CCM107,Catherine,Martin,catherine.martin@gmail.com,+13978385530,2022,1994-01-25
107,CBT108,Brandon,Thompson,brandon.thompson@gmail.com,+15861956003,2021,1984-11-29
108,CAH109,Anne,Huff,anne.huff@yahoo.com,+11710586723,2020,1986-01-17
109,CSW110,Stacey,Williams,stacey.williams@piece.edu,+13370622880,2023,1997-12-30
110,CKJ111,Kathryn,Jones,kathryn.jones@song.edu,+13446329988,2021,1989-05-10
111,CJM112,James,Martin,james.martin@gmail.com,+15025480402,2021,1995-06-20
112,CLR113,Lisa,Richmond,lisa.richmond@gmail.com,+17764576188,2021,1972-06-18
113,CKJ114,Kimberly,Johns,kimberly.johns@consumer.edu,+19459198788,2023,1997-08-12
114,CMT115,Martha,Thompson,martha.thompson@yahoo.com,+13767965508,2023,1994-03-15
115,CRP116,Robert,Palmer,robert.palmer@yahoo.com,+14643486811,2020,1994-06-28
116,CHC117,Heidi,Costa,heidi.costa@yahoo.com,+12017994459,2021,1995-03-19
117,CSW118,Susan,Wilson,susan.wilson@gmail.com,+10562307517,2020,1990-07-28
118,CRF119,Roberto,Fowler,roberto.fowler@yahoo.com,+13659858574,2020,1989-07-07
119,CKB120,Kelly,Banks,kelly.banks@yahoo.com,+13395018918,2023,2004-08-24
120,CCB121,Cory,Bass,cory.bass@yahoo.com,+13484350421,2023,1996-04-14
121,CCF122,Christine,Franklin,christine.franklin@no.edu,+18263382447,2023,2002-04-06
122,CKO123,Kelly,Ortega,kelly.ortega@yahoo.com,+16389044036,2021,1981-10-23
123,CPP124,Paul,Perez,paul.perez@gmail.com,+17483510634,2021,1971-12-23
124,CDW125,Dana,Wells,dana.wells@yahoo.com,+17207644832,2021,1980-08-19
125,CRA126,Rebecca,Aguilar,rebecca.aguilar@yahoo.com,+11240411882,2022,1988-12-05
126,CMN127,Michael,Novak,michael.novak@current.edu,+10596161870,2020,1983-07-09
127,CCG128,Cindy,Grant,cindy.grant@agree.edu,+13924247582,2021,1990-05-13
128,CCS129,Charles,Shepherd,charles.shepherd@adult.edu,+19809713956,2023,1978-06-12
129,CDJ130,Denise,Jordan,denise.jordan@gmail.com,+15480005455,2022,1986-05-10
130,CSA131,Samantha,Acosta,samantha.acosta@yahoo.com,+13751756599,2021,1993-07-16
131,CMA132,Mark,Alvarez,mark.alvarez@store.edu,+18430662997,2020,2000-09-25
132,CGH133,George,Harris,george.harris@figure.edu,+19295538609,2021,1996-10-26
133,CSH134,Susan,Harris,susan.harris@western.edu,+12643391540,2020,1989-03-10
134,CJM135,John,Mendez,john.mendez@yahoo.com,+15652178237,2021,2001-07-04
135,CCR136,Caitlin,Russo,caitlin.russo@yahoo.com,+17949212157,2020,1993-06-22
136,CAS137,Anthony,Smith,anthony.smith@yahoo.com,+13830180649,2023,1980-12-24
137,CMJ138,Mary,Jennings,mary.jennings@gmail.com,+10614863026,2022,1991-06-19
138,CTM139,Tiffany,Martinez,tiffany.martinez@yahoo.com,+12030612808,2022,1975-10-26
139,CCB140,Carlos,Bates,carlos.bates@gmail.com,+16540358271,2021,1980-02-14
140,CDW141,Dorothy,Weber,dorothy.weber@week.edu,+14417119483,2023,1993-12-31
141,CBJ142,Brandon,Jackson,brandon.jackson@gmail.com,+15074886401,2023,2002-07-29
142,CNS143,Nicholas,Stevens,nicholas.stevens@yahoo.com,+14813931199,2022,1992-01-31
143,CJR144,Jacob,Ross,jacob.ross@machine.edu,+15314450518,2020,1995-07-19
144,CTF145,Tracy,Fletcher,tracy.fletcher@his.edu,+19928346210,2023,1988-09-04
145,CET146,Elizabeth,Taylor,elizabeth.taylor@environment.edu,+16169306745,2020,1978-10-14
146,CGM147,Gregory,Murray,gregory.murray@class.edu,+15821789132,2020,2000-09-07
147,CJB148,Joshua,Browning,joshua.browning@yahoo.com,+17807615624,2023,1994-10-23
148,CDG149,Donald,Garcia,donald.garcia@yahoo.com,+12888995938,2020,1989-01-15
149,CKM150,Keith,Montgomery,keith.montgomery@good.edu,+19593716358,2021,1982-08-14
150,CLJ151,Lisa,Johnston,lisa.johnston@yahoo.com,+17990158868,2020,1987-08-13
151,CSH152,Sarah,Holmes,sarah.holmes@type.edu,+15081352991,2023,1988-05-20
152,CWM153,William,Marquez,william.marquez@yahoo.com,+10738375946,2020,1980-12-10
153,CBB154,Brian,Brown,brian.brown@gmail.com,+12359446556,2020,1987-10-02
154,CAL155,Amanda,Lewis,amanda.lewis@follow.edu,+13862970690,2023,1993-08-05
155,CMW156,Michelle,Wilkinson,michelle.wilkinson@gmail.com,+14102771090,2022,1991-03-29
156,CMB157,Michele,Brooks,michele.brooks@gmail.com,+15684356768,2021,1997-05-10
157,CJW158,Jennifer,Woods,jennifer.woods@gmail.com,+16770109875,2020,1987-04-30
158,CMT159,Melissa,Thompson,melissa.thompson@process.edu,+15034285410,2023,1984-02-28
159,CDP160,Donald,Powell,donald.powell@class.edu,+10645895848,2023,2015-07-15
160,CSL161,Shannon,Lam,shannon.lam@yahoo.com,+14749640759,2022,1981-12-14
161,CLW162,Lisa,White,lisa.white@yahoo.com,+12647137856,2023,1992-02-25
162,CEM163,Elizabeth,Moore,elizabeth.moore@gmail.com,+14028414481,2021,1988-01-05
163,CBJ164,Brittany,Jackson,brittany.jackson@gmail.com,+19554117299,2020,1986-05-26
164,CJL165,Joshua,Lewis,joshua.lewis@yahoo.com,+17191255778,2022,2010-01-22
165,CMY166,Michael,Yu,michael.yu@gmail.com,+17129846383,2021,2001-04-07
166,CSH167,Stephanie,Hawkins,stephanie.hawkins@gmail.com,+10615923241,2022,1994-05-13
167,CPC168,Patricia,Cisneros,patricia.cisneros@gmail.com,+14279809417,2022,1998-01-11
168,CSA169,Sheena,Anderson,sheena.anderson@gmail.com,+10487372113,2021,1989-07-04
169,CBC170,Brian,Cook,brian.cook@yahoo.com,+12902367953,2020,1995-10-26
170,CAJ171,Alejandra,James,alejandra.james@yahoo.com,+14112786193,2020,2005-05-22
171,CSM172,Samantha,Miller,samantha.miller@yahoo.com,+10466575980,2020,1986-10-20
172,CJA173,Jennifer,Anderson,jennifer.anderson@yahoo.com,+15848003115,2022,1982-11-24
173,CSG174,Sarah,Graham,sarah.graham@gmail.com,+14735336909,2021,1987-03-09
174,CTK175,Tim,Knight,tim.knight@yahoo.com,+16385629636,2023,1997-05-27
175,CJD176,Jennifer,Davis,jennifer.davis@gmail.com,+15211089744,2020,1993-10-14
176,CSS177,Susan,Stokes,susan.stokes@gmail.com,+17105692487,2023,1987-04-24
177,CLB178,Larry,Brady,larry.brady@yahoo.com,+17887651601,2023,1986-11-15
178,CCD179,Crystal,Daniels,crystal.daniels@gmail.com,+13185248874,2022,1983-08-24
179,CJB180,James,Bean,james.bean@gmail.com,+19747311495,2020,1994-01-20
180,CJR181,Jennifer,Roberson,jennifer.roberson@gmail.com,+19131694926,2021,2003-01-25
181,CMG182,Michelle,George,michelle.george@yahoo.com,+15870797796,2020,1997-02-17
182,CMA183,Maria,Alvarado,maria.alvarado@gmail.com,+11896743177,2020,1987-06-06
183,CSA184,Susan,Archer,susan.archer@north.edu,+18239251500,2023,1985-09-30
184,CJM185,Jessica,Moore,jessica.moore@police.edu,+17410748213,2021,1973-11-24
185,CBA186,Brittany,Anderson,brittany.anderson@realize.edu,+12491435925,2020,1990-10-05
186,CRD187,Randy,Davis,randy.davis@yahoo.com,+10126882657,2022,1989-09-28
187,CSG188,Sharon,Gibson,sharon.gibson@yahoo.com,+10094896081,2023,1993-02-12
188,CGC189,George,Cruz,george.cruz@yahoo.com,+13053112737,2021,1994-12-11
189,CJE190,John,Evans,john.evans@event.edu,+11782886142,2023,1985-06-12
190,CEW191,Eric,Washington,eric.washington@heart.edu,+11925685369,2021,1988-11-14
191,CMN192,Matthew,Nguyen,matthew.nguyen@gmail.com,+10926832406,2020,1993-05-11
192,CWP193,Walter,Parsons,walter.parsons@under.edu,+15100682275,2020,2000-05-03
193,CBR194,Brianna,Russell,brianna.russell@yahoo.com,+17911557463,2022,1992-09-06
194,CSS195,Stephen,Sawyer,stephen.sawyer@business.edu,+10237153506,2020,1994-10-29
195,CPB196,Patricia,Barnes,patricia.barnes@yahoo.com,+19347353046,2020,1981-08-28
196,CDM197,David,Martin,david.martin@gmail.com,+14533330610,2022,1984-02-14
197,CCG198,Charles,Gray,charles.gray@yahoo.com,+15273015183,2021,1999-11-17
198,CSM199,Stephanie,Meyer,stephanie.meyer@gmail.com,+10290110641,2023,1982-05-12
199,CAD200,Andrea,Duncan,andrea.duncan@gmail.com,+19116757316,2020,1996-04-10
200,CMF201,Michelle,Fisher,michelle.fisher@yahoo.com,+16231493616,2022,1990-08-20
201,CKR202,Karen,Rosales,karen.rosales@gmail.com,+14652131518,2023,1982-01-28
202,CJM203,Jeffrey,Mosley,jeffrey.mosley@gmail.com,+10958933370,2022,1999-11-24
203,CWC204,Whitney,Chen,whitney.chen@yahoo.com,+14841560979,2023,1990-06-01
204,CTB205,Trevor,Barnes,trevor.barnes@gmail.com,+15453660699,2021,2000-09-28
205,CDH206,Diane,Hayes,diane.hayes@gmail.com,+18366889178,2023,2007-03-25
206,CTA207,Thomas,Armstrong,thomas.armstrong@yahoo.com,+16657444757,2023,1983-10-22
207,CKC208,Kevin,Curry,kevin.curry@when.edu,+16209945675,2023,1991-06-22
208,CSW209,Shane,Wolf,shane.wolf@gmail.com,+10706984287,2022,1998-04-12
209,CAM210,Amy,Mccoy,amy.mccoy@gmail.com,+10645040064,2022,2004-05-23
210,CSW211,Steven,White,steven.white@yahoo.com,+16755105562,2020,1994-11-29
211,CNM212,Nathaniel,Martin,nathaniel.martin@yahoo.com,+19851131952,2021,1980-12-17
212,CMW213,Marissa,Weaver,marissa.weaver@yahoo.com,+18651063624,2021,1988-06-24
213,CMJ214,Martha,Johnson,martha.johnson@gmail.com,+10227759842,2022,1994-09-06
214,CRG215,Robert,Gill,robert.gill@yahoo.com,+16142364623,2021,1997-01-28
215,CKJ216,Katrina,Johnson,katrina.johnson@manage.edu,+17445721462,2022,1990-11-08
216,CLG217,Leon,Gordon,leon.gordon@also.edu,+15172381886,2021,2004-01-29
217,CAS218,Andre,Shelton,andre.shelton@gmail.com,+18685391116,2020,1980-12-09
218,CKJ219,Kelsey,Johnson,kelsey.johnson@yahoo.com,+18916524555,2022,1987-09-04
219,CEG220,Erin,Green,erin.green@yahoo.com,+15302305601,2021,1982-02-22
220,CJT221,Jonathan,Thomas,jonathan.thomas@yahoo.com,+10998803854,2022,1996-03-16
221,CEA222,Elizabeth,Allen,elizabeth.allen@yahoo.com,+11969708442,2022,1984-11-10
222,CJS223,Jennifer,Spears,jennifer.spears@yahoo.com,+13475846712,2022,1986-03-13
223,CKB224,Katie,Bell,katie.bell@yahoo.com,+11486416030,2023,2003-12-19
224,CRH225,Ronald,Hancock,ronald.hancock@get.edu,+15487601703,2021,1990-07-05
225,CCP226,Carla,Phillips,carla.phillips@yahoo.com,+13460058534,2021,1989-03-06
226,CDW227,Daniel,Wade,daniel.wade@yahoo.com,+10131549769,2021,1996-04-19
227,CMB228,Michael,Barber,michael.barber@gmail.com,+14803231842,2020,1994-07-31
228,CMM229,Michael,Moore,michael.moore@cut.edu,+17758963077,2021,1988-03-17
229,CAM230,Andrea,Morris,andrea.morris@yahoo.com,+16617096918,2023,1992-01-02
230,CAB231,Adam,Blair,adam.blair@laugh.edu,+16500882951,2021,1999-09-27
231,CJW232,Jennifer,Williams,jennifer.williams@significant.edu,+10479307070,2020,1986-12-20
232,CGH233,George,Hogan,george.hogan@yahoo.com,+14858210740,2023,1989-11-16
233,CPP234,Phillip,Price,phillip.price@gmail.com,+12528878215,2022,1989-09-15
234,CSB235,Susan,Berger,susan.berger@yahoo.com,+11231723199,2021,1990-12-07
235,CMH236,Melissa,Henry,melissa.henry@gmail.com,+13318519063,2022,1988-02-09
236,CBR237,Brian,Roberson,brian.roberson@gmail.com,+12851601879,2023,1993-12-27
237,CTL238,Tracy,Levine,tracy.levine@yahoo.com,+19111830784,2023,1998-08-08
238,CRA239,Regina,Austin,regina.austin@safe.edu,+11275557189,2022,1997-08-19
239,CCH240,Christopher,Hancock,christopher.hancock@contain.edu,+13713588760,2021,1982-11-08
240,CGS241,Geoffrey,Sullivan,geoffrey.sullivan@gmail.com,+10654152004,2020,2007-11-04
241,CAP242,Ann,Parks,ann.parks@yahoo.com,+10278235052,2022,1987-05-17
242,CJG243,Jerome,Gutierrez,jerome.gutierrez@during.edu,+13703779978,2022,2003-03-28
243,CJC244,Jennifer,Christian,jennifer.christian@gmail.com,+16979244473,2022,2004-07-27
244,CTJ245,Timothy,Joseph,timothy.joseph@yahoo.com,+19121472269,2021,1999-10-02
245,CSG246,Sandra,Gonzalez,sandra.gonzalez@own.edu,+11753814663,2021,1993-10-04
246,CDR247,Diane,Rodgers,diane.rodgers@yahoo.com,+17876026673,2023,1985-11-08
247,CGM248,Gabrielle,Miles,gabrielle.miles@gmail.com,+17668749949,2022,2005-04-15
248,CJC249,Jaime,Cortez,jaime.cortez@yahoo.com,+12592747022,2021,1978-04-22
249,CFS250,Frances,Smith,frances.smith@gmail.com,+18751745772,2021,1982-05-22
250,CSC251,Samantha,Clarke,samantha.clarke@rock.edu,+16334675424,2022,1992-10-04
251,CJC252,Jennifer,Carroll,jennifer.carroll@gmail.com,+12971624053,2022,1994-01-08
252,CMV253,Mark,Valencia,mark.valencia@yahoo.com,+18767321553,2021,1999-04-30
253,CSS254,Samantha,Shepard,samantha.shepard@yahoo.com,+14629898743,2020,1986-12-30
254,CGP255,Gregory,Pham,gregory.pham@yahoo.com,+13017774020,2021,1991-02-24
255,CNF256,Nicholas,Ford,nicholas.ford@gmail.com,+15728754735,2020,1980-05-27
256,CRB257,Robert,Black,robert.black@best.edu,+15442252854,2022,1997-03-10
257,CJR258,John,Rodriguez,john.rodriguez@yahoo.com,+10285984991,2022,1987-04-26
258,CJR259,Joseph,Ramirez,joseph.ramirez@school.edu,+11363107836,2022,1991-12-28
259,CMM260,Matthew,Mitchell,matthew.mitchell@home.edu,+10786849687,2023,1998-06-23
260,CLB261,Lisa,Bell,lisa.bell@gmail.com,+14450906091,2021,1976-06-24
261,CAS262,Ashley,Sparks,ashley.sparks@where.edu,+18555796192,2020,1989-06-18
262,CLH263,Lisa,Haynes,lisa.haynes@yahoo.com,+17649433256,2022,1986-09-26
263,CAC264,Alexis,Carrillo,alexis.carrillo@gmail.com,+10436340549,2023,2000-03-31
264,CDP265,David,Powell,david.powell@positive.edu,+15037142413,2020,1997-06-24
265,CCM266,Christine,Martin,christine.martin@yahoo.com,+19276800882,2021,1991-01-10
266,CRA267,Ricky,Alvarez,ricky.alvarez@yahoo.com,+17645378450,2021,1996-05-17
267,CGC268,George,Cooper,george.cooper@yahoo.com,+12569954994,2023,1986-11-19
268,CJM269,Joseph,Moore,joseph.moore@trial.edu,+12707720370,2021,1988-03-11
269,COA270,Olivia,Alexander,olivia.alexander@gmail.com,+16780054321,2021,1997-12-16
270,CMM271,Mackenzie,Mosley,mackenzie.mosley@yahoo.com,+10066854432,2020,1990-02-26
271,CTJ272,Theresa,Johnson,theresa.johnson@gmail.com,+19954797790,2021,1991-09-01
272,CNJ273,Nancy,Jenkins,nancy.jenkins@yahoo.com,+17832525304,2022,1993-01-04
273,CLG274,Lance,Guzman,lance.guzman@gmail.com,+16872849960,2023,2000-11-21
274,CMV275,Michael,Vargas,michael.vargas@yahoo.com,+10776164055,2022,1998-05-20
275,CJK276,Jennifer,Kelly,jennifer.kelly@value.edu,+10683693168,2022,1990-01-06
276,CJC277,Jorge,Carney,jorge.carney@yahoo.com,+16150580582,2022,1983-08-03
277,CDW278,Denise,Warner,denise.warner@gmail.com,+12985549349,2023,1999-06-18
278,CCK279,Curtis,King,curtis.king@however.edu,+17027846323,2020,1981-12-17
279,CLP280,Lawrence,Patterson,lawrence.patterson@gmail.com,+11336673562,2021,1990-03-28
280,CJH281,Joshua,Hernandez,joshua.hernandez@gmail.com,+12701348568,2021,2001-11-09
281,CCB282,Christina,Boone,christina.boone@yahoo.com,+17993964566,2022,1989-02-10
282,CKG283,Katherine,Gallagher,katherine.gallagher@yahoo.com,+12062766909,2022,1984-08-12
283,CRA284,Russell,Adams,russell.adams@former.edu,+19034662310,2022,1989-08-01
284,CRM285,Rachel,Maldonado,rachel.maldonado@yahoo.com,+17943786393,2020,1973-02-22
285,CDB286,David,Brown,david.brown@pattern.edu,+10693393672,2021,1989-03-25
286,CGN287,Gary,Nichols,gary.nichols@yahoo.com,+17822674746,2022,1984-07-23
287,CEA288,Edward,Andrews,edward.andrews@head.edu,+12606224055,2021,1991-08-12
288,CSB289,Samantha,Blake,samantha.blake@gmail.com,+15626246982,2023,1983-11-10
289,CMS290,Michele,Scott,michele.scott@decide.edu,+18685999296,2023,2010-11-12
290,CDL291,Denise,Lara,denise.lara@throw.edu,+17048790840,2022,1998-07-24
291,CCJ292,Chad,Jones,chad.jones@gmail.com,+15620508675,2022,1994-08-12
292,CJP293,John,Patton,john.patton@yahoo.com,+19448326193,2021,1987-09-01
293,CJD294,John,Dean,john.dean@yahoo.com,+17529470610,2021,1990-03-12
294,CEW295,Emily,Williams,emily.williams@yahoo.com,+14402273781,2023,1983-01-07
295,CRL296,Russell,Le,russell.le@gmail.com,+16885595183,2020,1988-11-04
296,CCB297,Carol,Brown,carol.brown@gmail.com,+11836080297,2021,1990-01-15
297,CTC298,Timothy,Campbell,timothy.campbell@not.edu,+15943536234,2020,1992-11-10
298,CTS299,Tony,Smith,tony.smith@gmail.com,+19163997525,2021,1990-05-22
299,CPP300,Patricia,Perkins,patricia.perkins@yahoo.com,+10135306450,2020,1985-01-23
300,CSR301,Sarah,Roth,sarah.roth@gmail.com,+15078837521,2022,1985-08-28
301,CLH302,Laura,Hughes,laura.hughes@yahoo.com,+11852427783,2021,1984-08-30
302,CEG303,Erin,Garcia,erin.garcia@yahoo.com,+19511024006,2020,1993-08-14
303,CCB304,Christopher,Bond,christopher.bond@yahoo.com,+10071669211,2021,1997-04-05
304,CJG305,Jimmy,Gardner,jimmy.gardner@gmail.com,+12871945142,2023,1995-06-21
305,CGH306,Gregory,Hobbs,gregory.hobbs@yahoo.com,+15095509031,2023,1988-11-26
306,CWM307,Wayne,Mitchell,wayne.mitchell@gmail.com,+19569892411,2021,1978-10-22
307,CML308,Matthew,Lee,matthew.lee@gmail.com,+14864789504,2020,1989-10-14
308,CTL309,Tiffany,Le,tiffany.le@can.edu,+17357562160,2023,1987-10-27
309,CGS310,Gabriel,Smith,gabriel.smith@yahoo.com,+15561238027,2023,2004-12-19
310,CTW311,Thomas,West,thomas.west@yahoo.com,+10309869944,2020,1970-04-05
311,CKK312,Kimberly,Knight,kimberly.knight@yahoo.com,+16505430324,2020,2000-07-11
312,CMP313,Michele,Phillips,michele.phillips@gmail.com,+12117072644,2022,1977-02-26
313,CSL314,Sandra,Lawrence,sandra.lawrence@yahoo.com,+16261585273,2020,1996-02-24
314,CTR315,Tyler,Riddle,tyler.riddle@so.edu,+19880023908,2023,1984-01-14
315,CTC316,Tammy,Collins,tammy.collins@participant.edu,+11975996430,2021,1985-03-06
316,CKM317,Kevin,Myers,kevin.myers@yahoo.com,+11942340171,2022,1991-03-09
317,CDD318,Douglas,Delgado,douglas.delgado@gmail.com,+14136977790,2020,1993-01-11
318,CAH319,Albert,Hamilton,albert.hamilton@yahoo.com,+12023560948,2022,1999-03-24
319,CRC320,Richard,Carroll,richard.carroll@yahoo.com,+18644893371,2022,1992-02-16
320,CDJ321,Danielle,Johnson,danielle.johnson@yahoo.com,+15565893365,2021,1982-11-21
321,CMM322,Meghan,Martin,meghan.martin@yahoo.com,+17889479404,2022,1988-09-21
322,CKS323,Kendra,Sullivan,kendra.sullivan@gmail.com,+15528523541,2023,1998-10-07
323,CWD324,William,Dawson,william.dawson@yahoo.com,+12674355554,2020,1982-06-08
324,CJF325,John,Fernandez,john.fernandez@yahoo.com,+12378325321,2021,2001-04-30
325,CAA326,Autumn,Aguilar,autumn.aguilar@yahoo.com,+13372371304,2021,1990-01-08
326,CAS327,Ashley,Stuart,ashley.stuart@yahoo.com,+12323267355,2023,1998-10-30
327,CDA328,Dwayne,Anderson,dwayne.anderson@expert.edu,+13653480957,2023,1997-12-17
328,CJJ329,John,Jones,john.jones@yahoo.com,+13565810302,2021,1983-01-23
329,CJS330,Jessica,Skinner,jessica.skinner@hope.edu,+12123381470,2021,1995-05-27
330,CHS331,Holly,Sims,holly.sims@gmail.com,+13670310147,2021,2003-10-27
331,CCB332,Christina,Berry,christina.berry@yahoo.com,+18306770918,2021,1996-01-04
332,CHB333,Heather,Bailey,heather.bailey@yahoo.com,+12746782797,2022,1985-08-24
333,CES334,Eric,Stone,eric.stone@gmail.com,+14661933048,2022,1997-07-14
334,CTB335,Tammy,Burns,tammy.burns@yahoo.com,+10375175562,2020,1981-12-24
335,CLK336,Lisa,Kennedy,lisa.kennedy@gmail.com,+11810910955,2023,1983-08-20
336,CEW337,Elizabeth,White,elizabeth.white@stage.edu,+18331841692,2021,1991-02-11
337,CJC338,Jasmine,Carter,jasmine.carter@gmail.com,+15118797914,2023,1982-04-23
338,CBP339,Brian,Phillips,brian.phillips@gmail.com,+13656562212,2022,1976-10-17
339,CCG340,Carlos,Gomez,carlos.gomez@yahoo.com,+11505680309,2021,2007-07-27
340,CBD341,Benjamin,Dodson,benjamin.dodson@yahoo.com,+12345942205,2022,1982-06-12
341,CAG342,Angela,Gould,angela.gould@rather.edu,+11282272516,2023,1986-10-29
342,CSI343,Shelby,Ibarra,shelby.ibarra@career.edu,+11295400959,2020,1994-04-14
343,CBP344,Bradley,Perez,bradley.perez@kind.edu,+16593957737,2022,1986-05-21
344,COJ345,Olivia,Jones,olivia.jones@yahoo.com,+14903706964,2023,1988-07-11
345,CMG346,Monica,Giles,monica.giles@gmail.com,+19560744706,2022,1996-04-22
346,CMC347,Melissa,Cook,melissa.cook@yahoo.com,+10533485674,2022,1979-10-17
347,CCM348,Charlotte,Mosley,charlotte.mosley@yahoo.com,+14435228465,2020,1990-07-30
348,CPG349,Paul,Gillespie,paul.gillespie@gmail.com,+17244792123,2023,1982-03-12
349,CAS350,Angela,Smith,angela.smith@dream.edu,+16681678497,2023,1993-08-31
350,CAB351,Angela,Bennett,angela.bennett@yahoo.com,+19389557626,2023,2004-10-13
351,CJG352,Jackie,Guerra,jackie.guerra@yahoo.com,+19103037553,2023,1989-09-28
352,CAW353,Amy,Williams,amy.williams@past.edu,+11120050657,2021,1993-07-31
353,CNO354,Nicole,Owens,nicole.owens@yahoo.com,+10067961991,2022,2001-10-14
354,CGC355,George,Cooper,george.cooper@yahoo.com,+19758474180,2023,2005-03-27
355,CCW356,Clifford,Ward,clifford.ward@gmail.com,+15436074531,2023,1986-10-08
356,CBT357,Brian,Torres,brian.torres@gmail.com,+12495507359,2020,1981-07-17
357,CJC358,Jodi,Church,jodi.church@gmail.com,+18180135816,2023,1980-07-09
358,CDB359,Daniel,Brady,daniel.brady@gmail.com,+12615609829,2020,1987-06-05
359,CBB360,Brian,Berry,brian.berry@yahoo.com,+17558480587,2022,1991-09-01
360,CMN361,Michelle,Nelson,michelle.nelson@health.edu,+15712410256,2021,1990-03-08
361,CAF362,Amanda,Franklin,amanda.franklin@gmail.com,+18142027532,2023,1991-05-05
362,CSM363,Sarah,Maldonado,sarah.maldonado@yahoo.com,+18264617430,2022,1985-05-05
363,CDG364,Dominique,Gardner,dominique.gardner@yahoo.com,+10506383606,2021,1995-08-24
364,CMW365,Molly,Weber,molly.weber@yahoo.com,+10357583361,2023,2001-10-16
365,CMS366,Melanie,Sharp,melanie.sharp@yahoo.com,+10372217774,2020,1993-06-15
366,CMA367,Meredith,Anderson,meredith.anderson@yahoo.com,+17182560267,2021,1990-02-13
367,CMR368,Michael,Reed,michael.reed@yahoo.com,+19079664390,2022,1993-09-28
368,CLS369,Lisa,Snow,lisa.snow@gmail.com,+19491214725,2023,1991-06-29
369,CRC370,Robert,Cantu,robert.cantu@gmail.com,+14158415753,2020,1974-02-03
370,CDR371,Douglas,Reyes,douglas.reyes@yahoo.com,+17920872751,2021,1984-08-16
371,CEE372,Emily,Evans,emily.evans@yahoo.com,+17426737271,2023,2002-10-17
372,CGY373,Gail,Yu,gail.yu@task.edu,+12431958115,2023,1986-06-21
373,CCJ374,Calvin,James,calvin.james@school.edu,+19347121233,2023,2009-02-10
374,CJW375,Jason,Williams,jason.williams@become.edu,+14859386330,2021,1986-09-30
375,CMR376,Michael,Rodriguez,michael.rodriguez@gmail.com,+15169553468,2021,1987-11-18
376,CJK377,Joanna,Keller,joanna.keller@yahoo.com,+13252755946,2021,1991-06-29
377,CEB378,Ebony,Brown,ebony.brown@yahoo.com,+18427379510,2023,1999-06-16
378,CCG379,Chris,Gutierrez,chris.gutierrez@scientist.edu,+12916777063,2022,1999-07-27
379,CCL380,Carlos,Lambert,carlos.lambert@tell.edu,+14660546017,2023,1988-05-25
380,CTR381,Tyler,Rodriguez,tyler.rodriguez@yahoo.com,+15584230706,2021,1996-08-12
381,CAA382,Amy,Atkinson,amy.atkinson@debate.edu,+16175722340,2022,1985-01-01
382,CAH383,Ashley,Hanson,ashley.hanson@tonight.edu,+15695212823,2020,1996-09-08
383,CCG384,Christian,Gallagher,christian.gallagher@gmail.com,+15814268514,2022,1994-08-09
384,CTL385,Tanya,Lucas,tanya.lucas@yahoo.com,+15023160982,2020,1985-08-16
385,CMW386,Mark,Wilson,mark.wilson@send.edu,+13412714878,2023,1991-12-21
386,CJC387,Jesus,Cole,jesus.cole@gmail.com,+15244358954,2022,1993-01-11
387,CTC388,Timothy,Casey,timothy.casey@yahoo.com,+19656020779,2021,1989-07-17
388,CKR389,Kelly,Reynolds,kelly.reynolds@leader.edu,+19674973156,2021,1988-09-11
389,CDM390,David,Moyer,david.moyer@yahoo.com,+12514175745,2020,1992-05-15
390,CKH391,Karen,Huang,karen.huang@yahoo.com,+16392142755,2020,1989-11-21
391,CVC392,Victoria,Chan,victoria.chan@yahoo.com,+13743848573,2021,1992-08-16
392,CJB393,Justin,Booth,justin.booth@yahoo.com,+19480597417,2020,1988-05-28
393,CDD394,Dana,Dixon,dana.dixon@interview.edu,+17291496524,2021,1989-05-25
394,CNV395,Nicole,Vasquez,nicole.vasquez@yahoo.com,+16600874055,2021,1987-08-31
395,CCW396,Colin,Williams,colin.williams@yahoo.com,+11768136151,2021,1985-04-07
396,CAS397,Amber,Summers,amber.summers@gmail.com,+12110864659,2022,1999-12-11
397,CZW398,Zachary,Walker,zachary.walker@gmail.com,+17904177574,2021,2002-07-24
398,CDP399,Daniel,Pacheco,daniel.pacheco@article.edu,+19713444583,2023,1993-10-31
399,CHR400,Heather,Ross,heather.ross@gmail.com,+18377793986,2021,1993-01-25
400,CJC401,Jacqueline,Cannon,jacqueline.cannon@gmail.com,+15670642470,2022,1988-01-01
401,CRC402,Robin,Coleman,robin.coleman@yahoo.com,+16241381519,2023,2001-06-16
402,CMW403,Megan,Woodard,megan.woodard@knowledge.edu,+11519931398,2023,1990-02-27
403,CLK404,Lee,Kim,lee.kim@notice.edu,+19974918295,2021,1988-03-19
404,CRS405,Russell,Smith,russell.smith@yahoo.com,+18603282815,2022,2004-10-11
405,CJM406,Jeff,Martin,jeff.martin@gmail.com,+17865699365,2020,1988-03-21
406,CJJ407,Jenny,Jones,jenny.jones@positive.edu,+14023819042,2022,1980-07-07
407,CDF408,Drew,Franklin,drew.franklin@gmail.com,+14827682945,2020,1990-09-14
408,CMW409,Malik,Wright,malik.wright@piece.edu,+18152457123,2021,1998-10-31
409,CSD410,Sarah,Douglas,sarah.douglas@yahoo.com,+12955377981,2020,1996-04-25
410,CEG411,Erica,Gardner,erica.gardner@yahoo.com,+19468935604,2021,1992-04-19
411,CBF412,Barbara,Foster,barbara.foster@mention.edu,+18376424166,2022,1995-11-16
412,CRL413,Rodney,Long,rodney.long@gmail.com,+12694812678,2021,2017-05-02
413,CMP414,Michael,Perry,michael.perry@gmail.com,+18937085252,2022,1979-12-31
414,CAP415,Anna,Perez,anna.perez@gmail.com,+19198210053,2023,1995-06-08
415,CPJ416,Phillip,Johnson,phillip.johnson@run.edu,+15026455836,2021,1993-02-17
416,CSM417,Stephanie,Marshall,stephanie.marshall@gmail.com,+19799795059,2023,1984-04-20
417,CRW418,Raven,West,raven.west@yahoo.com,+15353829299,2021,1989-10-25
418,CAV419,Austin,Vargas,austin.vargas@yahoo.com,+13961530493,2021,1995-08-11
419,CJB420,John,Brewer,john.brewer@reality.edu,+13408837561,2020,1992-06-11
420,CSW421,Stacy,Weaver,stacy.weaver@yahoo.com,+17585787215,2022,1987-06-01
421,CKM422,Kelsey,Medina,kelsey.medina@gmail.com,+12511597811,2020,1987-04-17
422,CNU423,Nathan,Underwood,nathan.underwood@college.edu,+16392332734,2023,1993-03-26
423,CJF424,Jennifer,Floyd,jennifer.floyd@yahoo.com,+11057500981,2021,1985-05-05
424,CTA425,Tina,Allen,tina.allen@second.edu,+19740526025,2021,1985-06-02
425,CEM426,Emily,May,emily.may@gmail.com,+15265917739,2020,1995-08-08
426,CKS427,Kimberly,Sanchez,kimberly.sanchez@black.edu,+19044880439,2023,1999-09-30
427,CBB428,Brian,Banks,brian.banks@gmail.com,+16258277774,2022,1989-01-29
428,CGB429,George,Bishop,george.bishop@yahoo.com,+10415934910,2020,1987-01-25
429,CSW430,Steven,Wilson,steven.wilson@between.edu,+11401209785,2022,1995-05-19
430,CCG431,Charles,Graves,charles.graves@turn.edu,+13949557085,2022,1995-03-09
431,CMG432,Melanie,Garcia,melanie.garcia@gmail.com,+12864368022,2023,1987-05-30
432,CSD433,Scott,Davila,scott.davila@gmail.com,+19927643234,2022,1990-06-11
433,CBB434,Brandy,Brady,brandy.brady@trial.edu,+12982138824,2021,1980-10-29
434,CKG435,Kendra,Gonzalez,kendra.gonzalez@gmail.com,+10083873001,2021,1987-07-30
435,CBB436,Barbara,Brennan,barbara.brennan@gmail.com,+11529216685,2023,1972-08-16
436,CRM437,Robin,Martin,robin.martin@yahoo.com,+14755300515,2021,1987-06-20
437,CLM438,Levi,Mason,levi.mason@gmail.com,+16431851462,2023,1998-11-13
438,CSG439,Stephanie,Gonzalez,stephanie.gonzalez@yahoo.com,+15415049121,2020,1993-04-13
439,CLA440,Lori,Aguilar,lori.aguilar@site.edu,+17548028404,2022,1992-06-18
440,CKG441,Kevin,Griffin,kevin.griffin@gmail.com,+19196888393,2021,2005-02-21
441,CMG442,Maxwell,Green,maxwell.green@gmail.com,+11436078077,2021,1986-04-15
442,CDB443,Daniel,Bishop,daniel.bishop@gmail.com,+17286569451,2021,1991-03-19
443,CKJ444,Kevin,Jones,kevin.jones@color.edu,+11291036311,2022,1991-11-19
444,CMC445,Michelle,Cooper,michelle.cooper@treatment.edu,+16378090039,2021,1996-02-16
445,CDB446,Daniel,Bennett,daniel.bennett@gmail.com,+15404353072,2020,2000-07-19
446,CJB447,Jackson,Buckley,jackson.buckley@gmail.com,+10293982300,2022,1993-06-08
447,CMK448,Matthew,King,matthew.king@yahoo.com,+10245455243,2020,1998-09-14
448,CRB449,Raymond,Brown,raymond.brown@second.edu,+18360682667,2022,1991-08-12
449,CJC450,Jose,Cisneros,jose.cisneros@side.edu,+14124264187,2020,1998-12-13
450,CEN451,Erika,Nicholson,erika.nicholson@gmail.com,+17568790118,2021,2003-01-10
451,CJS452,John,Smith,john.smith@small.edu,+15161426446,2022,1990-12-10
452,CKP453,Kelly,Perez,kelly.perez@gmail.com,+11052903251,2023,1990-02-24
453,CJH454,John,Harris,john.harris@with.edu,+16190313593,2023,1987-05-10
454,CGS455,Gregg,Smith,gregg.smith@gmail.com,+11580195374,2022,1991-04-01
455,CJR456,Joseph,Rodriguez,joseph.rodriguez@yahoo.com,+11729174569,2020,1979-12-22
456,CSB457,Shelley,Burnett,shelley.burnett@gmail.com,+18038902208,2023,1996-10-14
457,CBD458,Brenda,Douglas,brenda.douglas@yahoo.com,+12870462515,2021,1982-10-28
458,CJP459,Janice,Powell,janice.powell@yahoo.com,+13598817307,2021,1999-08-22
459,CDO460,Dale,Ortiz,dale.ortiz@tonight.edu,+10799819310,2022,1997-02-27
460,CKG461,Kathryn,Garza,kathryn.garza@gmail.com,+15187553512,2022,1994-12-22
461,CMB462,Megan,Barton,megan.barton@gmail.com,+14176171730,2020,1993-09-05
462,CMS463,Michael,Smith,michael.smith@plant.edu,+18316751993,2020,1979-06-23
463,CMG464,Mary,Graham,mary.graham@paper.edu,+16351530157,2020,1996-11-23
464,CWM465,William,Morrison,william.morrison@call.edu,+10969848380,2020,2001-11-07
465,CVM466,Vincent,Moore,vincent.moore@yahoo.com,+11827052574,2022,1985-08-29
466,CLB467,Lauren,Baker,lauren.baker@yahoo.com,+17961019891,2020,1991-11-22
467,CDH468,Donald,Higgins,donald.higgins@yahoo.com,+13421736176,2022,2004-02-28
468,CMT469,Michael,Torres,michael.torres@yahoo.com,+17975974705,2021,1988-12-05
469,CAS470,Amanda,Sanchez,amanda.sanchez@yahoo.com,+13115879960,2023,1984-02-28
470,CRB471,Ryan,Blackwell,ryan.blackwell@yahoo.com,+14083074438,2021,1994-10-13
471,CJF472,Jason,Frost,jason.frost@gmail.com,+14781963238,2020,1979-03-21
472,CRM473,Ryan,Martinez,ryan.martinez@gmail.com,+19180543340,2021,1979-05-04
473,CMS474,Mark,Sparks,mark.sparks@painting.edu,+19773447687,2021,1997-03-26
474,CBJ475,Billy,Joyce,billy.joyce@rock.edu,+13028262721,2021,1984-10-13
475,CTG476,Timothy,Green,timothy.green@least.edu,+11443443718,2022,2008-06-25
476,CJH477,Jessica,Hernandez,jessica.hernandez@yahoo.com,+11596152907,2020,1990-05-03
477,CKC478,Kenneth,Chaney,kenneth.chaney@gmail.com,+17950876844,2022,1997-10-05
478,CMR479,Meghan,Richardson,meghan.richardson@gmail.com,+12461465241,2020,1983-12-16
479,CMM480,Michelle,Murray,michelle.murray@seek.edu,+11664292243,2021,1998-09-11
480,CNS481,Nathaniel,Smith,nathaniel.smith@gmail.com,+15068537483,2020,1983-06-24
481,CEH482,Eric,Hoover,eric.hoover@yahoo.com,+18800864878,2020,1998-02-14
482,CET483,Elizabeth,Thompson,elizabeth.thompson@Democrat.edu,+19713761018,2020,1995-02-15
483,CWH484,William,Harvey,william.harvey@back.edu,+12924385510,2022,1997-09-28
484,CJH485,James,Harrison,james.harrison@gmail.com,+14214124740,2021,1989-12-08
485,CKC486,Katherine,Cooper,katherine.cooper@gmail.com,+16813389517,2022,2002-09-07
486,CJM487,Janet,Martin,janet.martin@beyond.edu,+16652166672,2021,1986-07-11
487,CGJ488,Gabrielle,Johnson,gabrielle.johnson@yahoo.com,+15422179622,2020,1997-02-01
488,CDD489,Donna,Daniel,donna.daniel@yahoo.com,+18258777806,2020,1973-10-06
489,CCM490,Christopher,Morrison,christopher.morrison@yahoo.com,+19872224551,2022,1993-09-02
490,CKR491,Kristopher,Richardson,kristopher.richardson@gmail.com,+12361094450,2022,1997-10-22
491,CSM492,Stephen,Mercado,stephen.mercado@gmail.com,+19276592890,2021,1987-11-08
492,CKB493,Kenneth,Baker,kenneth.baker@yahoo.com,+14904201389,2022,1998-05-09
493,CRF494,Ryan,French,ryan.french@yahoo.com,+15371224334,2020,1986-12-15
494,CWB495,Willie,Burns,willie.burns@yahoo.com,+10311711113,2023,1995-04-16
495,CRN496,Richard,Newman,richard.newman@gmail.com,+16318025583,2023,1987-10-19
496,CCH497,Cindy,Hess,cindy.hess@say.edu,+12285386440,2020,1991-04-01
497,CWB498,Wendy,Briggs,wendy.briggs@yahoo.com,+12660871657,2021,1987-05-02
498,CJJ499,Jeffery,James,jeffery.james@yahoo.com,+17043359192,2020,1997-03-01
499,CAW500,Anne,Williams,anne.williams@gmail.com,+14319278200,2023,1996-12-21
500,CSM501,Samantha,Morgan,samantha.morgan@it.edu,+17004870809,2021,1980-03-08
501,CMS502,Meghan,Smith,meghan.smith@yahoo.com,+10455075678,2022,1980-08-22
502,CAP503,Alejandro,Potter,alejandro.potter@yahoo.com,+13847247224,2020,1984-04-30
503,CNN504,Nicholas,Navarro,nicholas.navarro@yahoo.com,+14672880960,2023,1996-04-13
504,CJP505,Jeremy,Patterson,jeremy.patterson@gmail.com,+15848318064,2020,1981-07-01
505,CAF506,Alejandra,Francis,alejandra.francis@safe.edu,+11577824209,2023,1994-05-01
506,CWL507,William,Logan,william.logan@yahoo.com,+13437813327,2023,1992-11-13
507,CLH508,Lisa,Hardy,lisa.hardy@gmail.com,+17878385194,2023,1983-03-26
508,CSK509,Sylvia,Kennedy,sylvia.kennedy@national.edu,+10287274176,2020,1992-08-02
509,CCD510,Charles,Davis,charles.davis@amount.edu,+18810679385,2021,1992-01-04
510,CVP511,Valerie,Pittman,valerie.pittman@yahoo.com,+12191299787,2020,1994-04-12
511,CBS512,Beth,Smith,beth.smith@gmail.com,+10877269886,2021,1997-01-09
512,CKB513,Karen,Blake,karen.blake@yahoo.com,+15721899710,2020,1997-05-03
513,CAH514,Ashley,Hill,ashley.hill@yahoo.com,+14988099887,2023,1994-07-13
514,CJC515,Jacqueline,Calhoun,jacqueline.calhoun@yahoo.com,+11912916438,2021,1990-06-26
515,CPC516,Patricia,Cook,patricia.cook@yahoo.com,+10403025868,2022,1994-02-18
516,CBF517,Bryan,Foley,bryan.foley@conference.edu,+17575325734,2021,2001-02-16
517,CLF518,Logan,Frey,logan.frey@gmail.com,+14973139331,2021,1992-11-22
518,CSH519,Shannon,Hughes,shannon.hughes@level.edu,+12971127390,2022,1993-07-02
519,CJM520,Jimmy,Murray,jimmy.murray@yahoo.com,+13967291360,2023,1991-02-20
520,CNH521,Nicole,Hernandez,nicole.hernandez@yahoo.com,+14641143956,2021,1988-01-31
521,CAH522,Anthony,Horton,anthony.horton@either.edu,+13507231542,2022,1989-05-07
522,CBB523,Blake,Bray,blake.bray@yahoo.com,+19161519780,2022,1998-04-27
523,CLH524,Laura,Howe,laura.howe@pull.edu,+10332156696,2022,1998-04-30
524,CRC525,Ricardo,Chavez,ricardo.chavez@yahoo.com,+13661335917,2023,1995-08-22
525,CBJ526,Billy,Jacobs,billy.jacobs@middle.edu,+11455833312,2023,1997-09-17
526,CMD527,Marie,Davis,marie.davis@gmail.com,+11085499167,2023,2004-05-28
527,CKJ528,Krista,Jackson,krista.jackson@yahoo.com,+13503526030,2020,1995-06-14
528,CPJ529,Patrick,Jones,patrick.jones@gmail.com,+10944415047,2023,2003-02-24
529,CWF530,Whitney,Fisher,whitney.fisher@gmail.com,+17442071686,2020,2001-10-22
530,CKF531,Katelyn,Fry,katelyn.fry@me.edu,+10624030513,2020,2001-08-15
531,CNG532,Nicholas,Greene,nicholas.greene@yahoo.com,+10014037746,2022,2000-02-15
532,CMM533,Michael,Marshall,michael.marshall@my.edu,+10872717855,2020,2000-10-03
533,CMH534,Monica,Hamilton,monica.hamilton@yahoo.com,+18542478347,2021,1998-12-27
534,CKS535,Kristina,Simpson,kristina.simpson@yahoo.com,+14029690864,2020,1993-10-12
535,CMM536,Maria,Morgan,maria.morgan@yahoo.com,+14707956703,2022,1985-03-07
536,CSM537,Sarah,Mooney,sarah.mooney@yahoo.com,+14399474985,2020,2002-06-24
537,CCT538,Cameron,Taylor,cameron.taylor@travel.edu,+11793048232,2020,1983-03-23
538,CKH539,Kenneth,Houston,kenneth.houston@yahoo.com,+15310958000,2022,1987-07-03
539,CMJ540,Mckenzie,Jones,mckenzie.jones@gmail.com,+12319237849,2022,1987-06-07
540,CCT541,Charles,Taylor,charles.taylor@start.edu,+11803020425,2023,1993-09-23
541,CSJ542,Shawn,James,shawn.james@gmail.com,+13846641694,2021,1990-02-28
542,CAP543,Angelica,Perry,angelica.perry@work.edu,+16163606976,2021,1987-03-13
543,CJM544,Joe,Moore,joe.moore@article.edu,+13082305202,2022,1986-09-05
544,CDM545,Dana,Moore,dana.moore@yahoo.com,+16789250246,2023,1994-06-02
545,CER546,Emily,Ross,emily.ross@gmail.com,+14452123372,2020,1985-10-20
546,CMB547,Monica,Burnett,monica.burnett@clear.edu,+12985768608,2023,1982-01-28
547,CSG548,Shannon,Griffin,shannon.griffin@yahoo.com,+12518371813,2022,1983-12-08
548,CBW549,Brittany,Williams,brittany.williams@yahoo.com,+18181382402,2020,1986-01-25
549,CBJ550,Brandon,Jones,brandon.jones@realize.edu,+14210634462,2021,1996-07-16
550,CTM551,Tammy,Miller,tammy.miller@yahoo.com,+17136184498,2020,1991-08-30
551,CTK552,Terri,Kelley,terri.kelley@gmail.com,+15690146296,2021,1990-07-10
552,CPN553,Peter,Nunez,peter.nunez@my.edu,+10003251829,2021,1995-05-26
553,CGM554,Garrett,Moon,garrett.moon@gmail.com,+14716718404,2020,1989-12-13
554,CPF555,Pamela,Flores,pamela.flores@gmail.com,+10000792426,2022,1990-05-08
555,CSW556,Sara,Webb,sara.webb@yahoo.com,+18632903281,2023,1992-02-06
556,CGR557,Gabriela,Ross,gabriela.ross@gmail.com,+10192481555,2021,1992-11-24
557,CAE558,Alison,Ellis,alison.ellis@single.edu,+10094266605,2020,1991-12-25
558,CBM559,Benjamin,Moreno,benjamin.moreno@yahoo.com,+11704403750,2020,1991-06-07
559,CKL560,Kelsey,Lynch,kelsey.lynch@yahoo.com,+19883043034,2021,1994-08-19
560,CNW561,Nancy,White,nancy.white@fire.edu,+11376785907,2023,1995-02-03
561,CKN562,Kyle,Nelson,kyle.nelson@yahoo.com,+10281471258,2022,1992-02-08
562,CTM563,Tyrone,Martin,tyrone.martin@gmail.com,+15962555220,2020,2000-09-08
563,CBM564,Brian,Morris,brian.morris@yahoo.com,+17727759295,2023,2006-07-23
564,CRR565,Robert,Rodriguez,robert.rodriguez@gmail.com,+12821952400,2020,1993-06-07
565,CVG566,Virginia,Gallagher,virginia.gallagher@gmail.com,+18763210643,2022,2001-02-18
566,CJW567,John,Walker,john.walker@audience.edu,+18890487720,2022,1978-07-17
567,CAG568,Ann,Gibson,ann.gibson@gmail.com,+13933281401,2020,1985-11-29
568,CEG569,Erin,Gonzalez,erin.gonzalez@gmail.com,+15997056258,2022,1981-09-18
569,CKH570,Kelly,Hoffman,kelly.hoffman@yahoo.com,+11378179472,2021,1985-11-02
570,CKJ571,Katelyn,Jones,katelyn.jones@while.edu,+10745477836,2023,1994-04-08
571,CJF572,Jasmine,Francis,jasmine.francis@gmail.com,+11952333398,2021,1987-09-10
572,CKS573,Kristin,Stone,kristin.stone@gmail.com,+11280645872,2023,1987-07-17
573,CKC574,Kenneth,Coleman,kenneth.coleman@gmail.com,+12007547953,2020,2002-09-21
574,CMD575,Mary,Day,mary.day@yahoo.com,+19715315184,2023,1985-06-03
575,CJM576,James,Myers,james.myers@reality.edu,+19622534256,2020,1998-11-14
576,CMS577,Michelle,Smith,michelle.smith@year.edu,+18324913178,2023,2001-02-15
577,CSS578,Sharon,Smith,sharon.smith@gmail.com,+13764986178,2020,1985-10-08
578,CMV579,Mark,Vaughan,mark.vaughan@yahoo.com,+16361866190,2021,1996-04-13
579,CPO580,Patricia,Olsen,patricia.olsen@theory.edu,+16612388667,2020,1999-05-22
580,CBH581,Benjamin,Hicks,benjamin.hicks@gmail.com,+19296413686,2022,1982-03-13
581,CRJ582,Randy,Johnson,randy.johnson@ask.edu,+18686977658,2020,2005-10-30
582,CCR583,Christopher,Rivera,christopher.rivera@gmail.com,+14300812433,2021,1997-11-11
583,CTH584,Taylor,Hudson,taylor.hudson@not.edu,+16568853292,2022,1982-09-15
584,CCB585,Carlos,Butler,carlos.butler@yahoo.com,+19458961895,2022,1970-04-29
585,CKP586,Kristina,Patel,kristina.patel@yahoo.com,+17366514769,2021,1991-03-09
586,CDB587,David,Benson,david.benson@conference.edu,+19307604585,2021,1984-05-23
587,CCB588,Cynthia,Bradley,cynthia.bradley@gmail.com,+10051858985,2021,1999-09-04
588,CDF589,David,Franklin,david.franklin@yahoo.com,+11688519739,2020,1975-02-06
589,CMS590,Mary,Snyder,mary.snyder@gmail.com,+13350030989,2020,1996-06-02
590,CKJ591,Kyle,Johnston,kyle.johnston@gmail.com,+16664546166,2023,2014-03-24
591,CCH592,Connie,Hall,connie.hall@history.edu,+19699682068,2022,1990-10-28
592,CSH593,Sarah,Harmon,sarah.harmon@yahoo.com,+10120512547,2022,1990-07-23
593,CNN594,Natalie,Nicholson,natalie.nicholson@yahoo.com,+15319008826,2023,1997-12-21
594,CCB595,Chloe,Brown,chloe.brown@gmail.com,+15896454527,2020,1989-08-21
595,CSD596,Shelly,Duncan,shelly.duncan@nature.edu,+12008651517,2023,1981-03-13
596,CZR597,Zachary,Riddle,zachary.riddle@yahoo.com,+18657377343,2023,2002-06-29
597,CHS598,Heather,Smith,heather.smith@gmail.com,+18347629138,2020,1987-09-12
598,CJG599,Joan,Graves,joan.graves@yahoo.com,+18777462666,2020,1999-07-30
599,CCP600,Catherine,Patterson,catherine.patterson@yahoo.com,+18896305098,2021,1979-10-24
600,CJL601,Jeremy,Lynch,jeremy.lynch@music.edu,+12781254202,2021,1987-02-18
601,CJM602,James,Mills,james.mills@lot.edu,+10478844337,2020,1995-10-20
602,CRL603,Rebecca,Lucas,rebecca.lucas@yahoo.com,+18134713988,2022,1989-06-29
603,CAN604,Anna,Norris,anna.norris@yahoo.com,+13772059568,2022,1994-10-24
604,CDA605,Donna,Adams,donna.adams@gmail.com,+14949408010,2020,1986-07-06
605,CKF606,Krystal,Farrell,krystal.farrell@gmail.com,+14068191467,2023,1991-11-23
606,CJP607,Julie,Patterson,julie.patterson@gmail.com,+11121161767,2020,1981-03-25
607,CTD608,Timothy,Duran,timothy.duran@what.edu,+17058630564,2021,1970-05-26
608,CMJ609,Melanie,Johnson,melanie.johnson@yahoo.com,+12228183373,2021,1988-12-15
609,CJT610,Joseph,Thompson,joseph.thompson@yahoo.com,+11961409993,2021,1984-09-19
610,CRR611,Rodney,Russell,rodney.russell@gmail.com,+18625784691,2020,1988-09-05
611,CLM612,Laura,Mcneil,laura.mcneil@life.edu,+19005290646,2021,1995-10-02
612,CMS613,Matthew,Singleton,matthew.singleton@gmail.com,+19772026522,2023,1987-11-02
613,CSP614,Scott,Parker,scott.parker@yahoo.com,+15334617305,2023,1983-11-19
614,CNM615,Nicole,Miller,nicole.miller@gmail.com,+19051772651,2020,1984-12-03
615,CJH616,Jesse,Harris,jesse.harris@have.edu,+17946166131,2022,1990-06-12
616,CGS617,Gary,Smith,gary.smith@gmail.com,+15607623043,2020,1992-12-07
617,CAG618,Alexis,Gibbs,alexis.gibbs@yahoo.com,+14493948639,2022,1977-01-21
618,CPS619,Paula,Schneider,paula.schneider@gmail.com,+12089816310,2021,1984-04-07
619,CCM620,Curtis,Morris,curtis.morris@gmail.com,+19807752780,2023,1980-08-21
620,CHC621,Heather,Carter,heather.carter@executive.edu,+18395820609,2023,1996-12-01
621,CRR622,Robert,Ross,robert.ross@gmail.com,+13018192456,2021,1980-04-25
622,CBM623,Brian,Montgomery,brian.montgomery@color.edu,+16504672050,2023,2003-05-16
623,CKF624,Kyle,Foster,kyle.foster@gmail.com,+13681274470,2020,1987-11-17
624,CAK625,Alexander,Kirby,alexander.kirby@focus.edu,+17791006694,2020,1991-06-19
625,CAM626,Anthony,Mcgrath,anthony.mcgrath@yahoo.com,+14018264965,2021,1990-05-28
626,CSM627,Sean,Miller,sean.miller@yahoo.com,+19617757818,2023,1994-12-27
627,CKR628,Katherine,Reyes,katherine.reyes@gmail.com,+16512867434,2022,1984-04-02
628,CMD629,Michael,David,michael.david@gmail.com,+16053364275,2020,1987-05-24
629,CMB630,Monica,Benson,monica.benson@yahoo.com,+17997956914,2021,1990-02-20
630,CVM631,Vincent,Martin,vincent.martin@set.edu,+15996377059,2022,1975-03-05
631,CJK632,Julie,Kennedy,julie.kennedy@gmail.com,+12981870738,2023,1983-05-13
632,CRK633,Rachel,Kim,rachel.kim@gmail.com,+10621999319,2020,1990-03-26
633,CKC634,Krystal,Clements,krystal.clements@yahoo.com,+16482551454,2020,1991-10-16
634,CCS635,Christopher,Sellers,christopher.sellers@gmail.com,+13064509112,2023,2007-08-06
635,CDG636,Diane,Gonzalez,diane.gonzalez@yahoo.com,+15477862361,2022,1996-10-28
636,CJB637,Joseph,Berry,joseph.berry@market.edu,+13742530711,2020,1995-07-21
637,CCW638,Christopher,White,christopher.white@gmail.com,+18312871305,2023,1998-03-09
638,CLJ639,Lindsay,Jenkins,lindsay.jenkins@gmail.com,+11478710725,2023,1992-07-27
639,CMW640,Melissa,White,melissa.white@gmail.com,+16643306086,2020,1977-02-18
640,CKM641,Kathryn,Mullins,kathryn.mullins@gmail.com,+13504164179,2021,1987-08-03
641,CDT642,Daniel,Thomas,daniel.thomas@will.edu,+17426588916,2022,1993-07-30
642,CRP643,Ronald,Phillips,ronald.phillips@gmail.com,+14822734027,2023,2000-05-20
643,CBK644,Brittany,Kelly,brittany.kelly@decide.edu,+16692046336,2022,1984-02-01
644,CGW645,Gerald,Williams,gerald.williams@gmail.com,+10241235626,2022,1993-07-17
645,CBW646,Bonnie,Williams,bonnie.williams@yahoo.com,+16182120666,2021,1976-09-27
646,CRM647,Rebecca,Mckenzie,rebecca.mckenzie@yahoo.com,+12783709596,2021,1990-06-09
647,CDH648,Donna,Hebert,donna.hebert@yahoo.com,+15880589770,2023,1980-03-25
648,CMH649,Michael,Hartman,michael.hartman@yahoo.com,+16441419441,2021,1987-12-02
649,CPK650,Philip,Kennedy,philip.kennedy@gmail.com,+18196911757,2020,1991-02-04
650,CRC651,Richard,Cox,richard.cox@yahoo.com,+10596911175,2020,1990-09-09
651,CBT652,Bruce,Todd,bruce.todd@yahoo.com,+15907673436,2022,1986-09-11
652,CSH653,Sheila,Ho,sheila.ho@popular.edu,+14262726345,2020,1991-12-01
653,CMR654,Matthew,Ramsey,matthew.ramsey@yahoo.com,+17970283580,2023,2004-03-28
654,CRR655,Rachel,Rivera,rachel.rivera@beautiful.edu,+13138073283,2021,2006-10-11
655,CRW656,Robert,Ward,robert.ward@gmail.com,+16993545963,2020,1997-06-09
656,CRH657,Robert,Hudson,robert.hudson@yahoo.com,+19208060223,2023,1998-03-30
657,CJH658,Jasmine,Huber,jasmine.huber@reveal.edu,+14672453335,2020,1990-01-09
658,CJL659,Jose,Lopez,jose.lopez@gmail.com,+19659766859,2022,1992-09-29
659,CSN660,Sara,Nichols,sara.nichols@gmail.com,+12000816247,2020,1987-10-03
660,CDW661,Dominic,Watson,dominic.watson@gmail.com,+18200158965,2020,1993-06-25
661,CCB662,Carolyn,Bradford,carolyn.bradford@smile.edu,+14733933691,2023,1987-03-16
662,CHW663,Heidi,Woods,heidi.woods@yahoo.com,+11454573959,2023,1988-12-29
663,CKA664,Kathryn,Austin,kathryn.austin@consumer.edu,+16907262221,2021,1982-11-13
664,CMB665,Maurice,Ball,maurice.ball@own.edu,+19673509187,2023,1998-11-26
665,CJG666,Justin,Graham,justin.graham@yahoo.com,+13581122186,2022,2006-11-28
666,CPM667,Patrick,Morton,patrick.morton@Republican.edu,+12395949660,2022,1996-08-31
667,CMB668,Melissa,Bryan,melissa.bryan@white.edu,+14989811104,2021,1985-11-14
668,CRH669,Richard,Hartman,richard.hartman@since.edu,+10878146321,2022,1996-12-19
669,CSR670,Sabrina,Rogers,sabrina.rogers@thousand.edu,+10728142311,2022,1995-07-14
670,CBF671,Breanna,Francis,breanna.francis@yahoo.com,+14575344975,2022,2002-01-05
671,CBB672,Brandy,Bonilla,brandy.bonilla@green.edu,+10516886664,2023,1999-06-29
672,CGW673,Gary,Williams,gary.williams@gmail.com,+10169207193,2020,1993-04-02
673,CCN674,Christine,Nguyen,christine.nguyen@yahoo.com,+12472061086,2022,2005-09-03
674,CMS675,Mark,Sanders,mark.sanders@gmail.com,+12317603033,2023,1992-11-27
675,CSC676,Scott,Carlson,scott.carlson@gmail.com,+16126662896,2023,1991-07-23
676,CDC677,Daniel,Conner,daniel.conner@son.edu,+12509442991,2023,1993-04-14
677,CBC678,Bonnie,Carey,bonnie.carey@yahoo.com,+15367772371,2023,1990-09-14
678,CJP679,James,Pierce,james.pierce@yahoo.com,+17493547281,2021,1997-01-03
679,CBR680,Brooke,Romero,brooke.romero@gmail.com,+15394726667,2023,1981-06-12
680,CGB681,Grant,Bradford,grant.bradford@natural.edu,+11308113058,2020,1985-05-12
681,CMR682,Matthew,Riley,matthew.riley@yahoo.com,+11761560483,2020,1998-01-10
682,CRB683,Robert,Bean,robert.bean@gmail.com,+19786821404,2021,1992-04-24
683,CDC684,Daniel,Carson,daniel.carson@yahoo.com,+10877140153,2020,1997-01-05
684,CCP685,Corey,Park,corey.park@gmail.com,+18392754239,2021,1981-07-11
685,CNB686,Nicole,Baker,nicole.baker@gmail.com,+18800092154,2022,1992-08-27
686,CKF687,Kayla,Fernandez,kayla.fernandez@yahoo.com,+14633053769,2021,2001-04-22
687,CAH688,Alexis,Holland,alexis.holland@performance.edu,+18974383488,2023,1984-12-05
688,CIW689,Isabella,Wright,isabella.wright@game.edu,+11167844462,2023,1986-10-23
689,CSW690,Stephanie,West,stephanie.west@gmail.com,+18294084060,2023,1993-04-30
690,CRS691,Roger,Simpson,roger.simpson@gmail.com,+11045843439,2021,1995-11-23
691,CRH692,Ryan,Howard,ryan.howard@possible.edu,+18561648069,2021,1995-01-18
692,CEG693,Erin,Grant,erin.grant@gmail.com,+15062766232,2022,1992-03-12
693,CSK694,Sandra,Kelley,sandra.kelley@yahoo.com,+13129726687,2022,2000-03-03
694,CJK695,John,Kaufman,john.kaufman@yahoo.com,+10600862626,2023,1977-04-04
695,CAJ696,Angela,Jones,angela.jones@store.edu,+10856639277,2022,1992-04-16
696,CSJ697,Sandra,Johnson,sandra.johnson@yahoo.com,+19651858564,2022,1974-01-22
697,CEC698,Edwin,Castro,edwin.castro@gmail.com,+15904926329,2022,1995-04-26
698,CCM699,Christopher,Mitchell,christopher.mitchell@small.edu,+15568044855,2022,1993-05-17
699,CLM700,Lisa,Mcdonald,lisa.mcdonald@yahoo.com,+11028302025,2020,1994-01-21
700,CAW701,Austin,Walls,austin.walls@account.edu,+11654859505,2023,1984-06-12
701,CJS702,Jeffrey,Smith,jeffrey.smith@gmail.com,+12573323952,2021,1983-09-15
702,CHA703,Heather,Andrade,heather.andrade@interview.edu,+14836778124,2023,1989-03-05
703,CAL704,Alejandra,Love,alejandra.love@yahoo.com,+17475742189,2021,1982-08-06
704,CHT705,Holly,Tyler,holly.tyler@PM.edu,+15498606267,2023,1982-06-08
705,CJW706,John,Wilson,john.wilson@gmail.com,+14483679627,2021,1983-09-14
706,CEE707,Elizabeth,Erickson,elizabeth.erickson@specific.edu,+17284670454,2022,1995-01-12
707,CRC708,Robert,Chen,robert.chen@gmail.com,+13614939928,2021,2000-11-06
708,CBM709,Brandon,Mahoney,brandon.mahoney@gmail.com,+10078856855,2020,2004-09-16
709,CLE710,Larry,Edwards,larry.edwards@gmail.com,+15953857093,2023,2003-05-15
710,CSM711,Susan,Maldonado,susan.maldonado@gmail.com,+15580491660,2022,1994-03-24
711,CCR712,Charles,Rogers,charles.rogers@gmail.com,+11735137290,2020,2002-01-04
712,CJH713,Jeffrey,Hendrix,jeffrey.hendrix@yahoo.com,+12874925979,2022,1992-07-26
713,CAE714,Abigail,Ellis,abigail.ellis@certainly.edu,+10715505769,2023,1979-10-03
714,CJJ715,Jorge,Johnson,jorge.johnson@scientist.edu,+17606002456,2020,1992-12-12
715,CBS716,Brent,Stanley,brent.stanley@letter.edu,+14894375006,2021,2006-10-31
716,CPT717,Pamela,Tucker,pamela.tucker@yahoo.com,+18911300088,2020,1984-12-22
717,CSH718,Susan,Hart,susan.hart@yahoo.com,+10344221092,2023,1993-07-02
718,CNB719,Nancy,Blackburn,nancy.blackburn@yahoo.com,+18477827765,2023,1995-09-11
719,CJT720,Jessica,Torres,jessica.torres@perhaps.edu,+10606657593,2021,1993-11-13
720,CKV721,Kathleen,Vasquez,kathleen.vasquez@yahoo.com,+14342342330,2023,2002-04-21
721,CSH722,Sheila,Haynes,sheila.haynes@information.edu,+17534159497,2022,1991-07-21
722,CAA723,Anthony,Avila,anthony.avila@yahoo.com,+10259504183,2023,1985-08-30
723,CRD724,Ronnie,Dennis,ronnie.dennis@money.edu,+10009993074,2021,1999-11-24
724,CJO725,Jeremy,Obrien,jeremy.obrien@gmail.com,+19564581481,2023,1987-02-21
725,CTH726,Tonya,Hill,tonya.hill@evening.edu,+12656652870,2023,1986-10-29
726,CMC727,Michael,Chandler,michael.chandler@yahoo.com,+18032130351,2021,1996-03-30
727,CMM728,Michael,Miller,michael.miller@gmail.com,+10856060573,2021,1983-08-17
728,CDS729,David,Simpson,david.simpson@ago.edu,+17801528736,2022,2000-12-20
729,CRS730,Robert,Singleton,robert.singleton@yahoo.com,+10595533298,2022,1988-03-07
730,CRJ731,Robert,Jackson,robert.jackson@know.edu,+15015968411,2022,1992-11-05
731,CJM732,Jeremy,Miller,jeremy.miller@yahoo.com,+15572026961,2021,1992-05-11
732,CJM733,James,Mcdonald,james.mcdonald@gmail.com,+15081113213,2022,1988-08-03
733,CBM734,Brian,Montoya,brian.montoya@yahoo.com,+15515245611,2021,1989-12-27
734,CST735,Steven,Thompson,steven.thompson@gmail.com,+12056821893,2021,2007-05-26
735,CSC736,Sandra,Crawford,sandra.crawford@yahoo.com,+12076800964,2021,2002-01-27
736,CSK737,Sarah,Kent,sarah.kent@yahoo.com,+15316687567,2022,2000-05-05
737,CLB738,Linda,Blair,linda.blair@gmail.com,+12312517853,2021,1993-08-03
738,CSH739,Shelby,Howe,shelby.howe@need.edu,+18210661902,2023,1985-06-17
739,CKR740,Kenneth,Riley,kenneth.riley@morning.edu,+16585648149,2023,1983-03-25
740,CDM741,Daniel,Moore,daniel.moore@approach.edu,+19386412366,2022,1986-04-29
741,CRR742,Rachael,Robinson,rachael.robinson@yahoo.com,+19192254700,2020,1990-04-19
742,CMH743,Mary,Hicks,mary.hicks@yahoo.com,+15582542922,2020,1999-06-18
743,CSD744,Summer,Delacruz,summer.delacruz@gmail.com,+11109289049,2020,1982-04-01
744,CCS745,Christina,Steele,christina.steele@chair.edu,+11525439954,2022,1990-11-07
745,CMH746,Mary,Howard,mary.howard@gmail.com,+11790115224,2023,2001-08-08
746,CSL747,Samantha,Li,samantha.li@yahoo.com,+13729865444,2021,1996-08-28
747,CKP748,Katherine,Perez,katherine.perez@gmail.com,+18809491389,2022,1981-12-15
748,CAN749,Angela,Novak,angela.novak@yahoo.com,+10875013743,2020,1980-03-24
749,CNB750,Natalie,Burns,natalie.burns@yahoo.com,+19927131981,2022,1999-03-10
750,CRW751,Robert,Wilson,robert.wilson@gmail.com,+18869998751,2020,1974-11-01
751,CSG752,Sydney,Gonzales,sydney.gonzales@gmail.com,+11649072502,2020,1984-05-28
752,CBA753,Bruce,Adams,bruce.adams@yahoo.com,+11231737679,2020,1987-02-26
753,CMB754,Mary,Brown,mary.brown@gmail.com,+11969325371,2022,2001-01-20
754,CSL755,Spencer,Lopez,spencer.lopez@yahoo.com,+17408035474,2020,1974-06-26
755,CJS756,Jennifer,Smith,jennifer.smith@gmail.com,+16763208026,2021,1992-02-15
756,CTH757,Tony,Heath,tony.heath@yahoo.com,+16724622663,2021,1997-09-18
757,CAH758,Amber,Hill,amber.hill@audience.edu,+15287463555,2021,1995-03-03
758,CJT759,Joel,Taylor,joel.taylor@yahoo.com,+15056600057,2021,1992-07-15
759,CJJ760,Jessica,Jimenez,jessica.jimenez@yahoo.com,+13775971974,2020,1999-08-16
760,CMB761,Mark,Berry,mark.berry@yahoo.com,+14672511096,2022,1986-10-15
761,CCC762,Carl,Clark,carl.clark@gmail.com,+10060565986,2020,1992-08-20
762,CRB763,Rachel,Boyd,rachel.boyd@gmail.com,+15086419287,2022,2005-07-23
763,CTA764,Teresa,Armstrong,teresa.armstrong@yahoo.com,+11447882653,2022,1998-09-09
764,CAD765,Alyssa,Duffy,alyssa.duffy@yahoo.com,+13964729705,2020,2000-10-10
765,CSH766,Sean,Hartman,sean.hartman@yahoo.com,+17034023355,2023,1998-02-28
766,CJT767,Jason,Thornton,jason.thornton@yahoo.com,+15577764002,2023,1996-02-05
767,CDM768,Danielle,Mcbride,danielle.mcbride@yahoo.com,+15271889202,2023,1990-03-14
768,CTM769,Tammy,Morgan,tammy.morgan@yahoo.com,+16911478762,2020,1994-01-21
769,CNS770,Nathan,Smith,nathan.smith@measure.edu,+19091479740,2023,1993-03-12
770,CCJ771,Cynthia,Jennings,cynthia.jennings@yahoo.com,+16639818266,2022,1997-09-10
771,CJL772,Jacqueline,Lewis,jacqueline.lewis@yahoo.com,+13437913692,2020,1986-03-16
772,CVR773,Victoria,Richard,victoria.richard@gmail.com,+14248158906,2020,1993-11-30
773,CKS774,Kevin,Sosa,kevin.sosa@gmail.com,+14039638284,2022,1975-10-12
774,CAM775,Ashley,Macias,ashley.macias@yahoo.com,+10962043599,2020,1998-11-06
775,CMP776,Monica,Price,monica.price@play.edu,+12139483106,2021,1992-01-11
776,CAW777,Alexander,Wood,alexander.wood@gmail.com,+12204770824,2021,1981-04-18
777,CAC778,Alexander,Cameron,alexander.cameron@yahoo.com,+18176645094,2020,2000-11-13
778,CLH779,Larry,Hood,larry.hood@gmail.com,+17098384736,2020,1999-04-23
779,CDF780,Dakota,Fields,dakota.fields@bad.edu,+15588261930,2022,2000-08-16
780,CAE781,Amanda,Edwards,amanda.edwards@gmail.com,+13257592877,2022,1992-09-26
781,CTG782,Traci,Gonzalez,traci.gonzalez@yahoo.com,+16314792202,2020,1994-01-16
782,CCD783,Clinton,Dickson,clinton.dickson@lose.edu,+15986142147,2021,1989-12-28
783,CST784,Scott,Thompson,scott.thompson@fall.edu,+15651689030,2022,1982-10-03
784,CMD785,Misty,Daniels,misty.daniels@yahoo.com,+15186586401,2021,2000-12-13
785,CSP786,Stephanie,Price,stephanie.price@yahoo.com,+10348382486,2023,1994-10-13
786,CDS787,Dawn,Stewart,dawn.stewart@yahoo.com,+14055772292,2020,1988-07-03
787,CDS788,Daniel,Sanchez,daniel.sanchez@gmail.com,+19906469516,2023,2011-10-16
788,CJJ789,Jason,Jackson,jason.jackson@gmail.com,+19646953905,2022,1995-11-30
789,CEA790,Eric,Alexander,eric.alexander@general.edu,+15171983185,2021,1995-05-07
790,CVH791,Vickie,Higgins,vickie.higgins@modern.edu,+15366119632,2023,1996-07-16
791,CBC792,Barbara,Cole,barbara.cole@chair.edu,+15886347897,2021,1989-06-05
792,CJT793,Jessica,Taylor,jessica.taylor@yahoo.com,+11806772051,2020,1982-12-03
793,CSF794,Scott,Freeman,scott.freeman@gmail.com,+11664337671,2020,1996-01-04
794,CTG795,Tiffany,Green,tiffany.green@law.edu,+16626545501,2021,1974-02-18
795,CKO796,Kelly,Obrien,kelly.obrien@gmail.com,+17743788226,2022,1997-04-27
796,CMN797,Melissa,Nelson,melissa.nelson@gmail.com,+18007960199,2021,1992-03-08
797,CWF798,William,Ferguson,william.ferguson@gmail.com,+19362379732,2020,1989-12-17
798,CHG799,Heather,George,heather.george@gmail.com,+10398135682,2020,2003-11-25
799,CJM800,Joshua,Manning,joshua.manning@gmail.com,+14177804025,2021,1988-01-14
800,CDJ801,Devin,Jones,devin.jones@gmail.com,+14530451110,2023,1991-07-13
801,CKL802,Kristi,Lee,kristi.lee@yahoo.com,+12293442683,2023,1990-06-13
802,CMG803,Matthew,Gardner,matthew.gardner@yahoo.com,+12849724046,2021,1983-05-26
803,CMW804,Mary,Wiley,mary.wiley@yahoo.com,+11810920475,2022,1991-05-02
804,CKC805,Kathleen,Curtis,kathleen.curtis@yahoo.com,+13325262837,2022,1982-11-03
805,CRC806,Regina,Crane,regina.crane@so.edu,+13777765901,2023,2002-05-27
806,CSA807,Samuel,Anderson,samuel.anderson@yahoo.com,+17422615418,2020,1993-09-23
807,CMT808,Matthew,Thompson,matthew.thompson@cover.edu,+11645425983,2023,1981-08-29
808,CCV809,Christina,Villanueva,christina.villanueva@gmail.com,+12011930369,2023,1992-05-05
809,CAL810,Ashley,Lindsey,ashley.lindsey@gmail.com,+10669956435,2023,2001-06-19
810,CGG811,Grace,Garcia,grace.garcia@gmail.com,+11326655960,2023,2000-12-11
811,CEP812,Edward,Parker,edward.parker@central.edu,+11308401907,2022,1997-10-04
812,CDH813,Daniel,Hahn,daniel.hahn@yahoo.com,+10750502778,2022,2002-03-14
813,CRM814,Roy,Mcknight,roy.mcknight@gmail.com,+16722015423,2020,1987-09-26
814,CTS815,Todd,Shepard,todd.shepard@gmail.com,+16273535726,2021,2014-03-21
815,CAH816,Alyssa,Hurst,alyssa.hurst@source.edu,+14498684139,2023,1998-04-09
816,CPH817,Patrick,Hale,patrick.hale@yahoo.com,+19791622682,2022,2002-10-28
817,CRR818,Rebecca,Rodgers,rebecca.rodgers@side.edu,+12849537709,2023,2002-09-07
818,CCA819,Chad,Adams,chad.adams@yahoo.com,+10268412684,2022,1996-04-03
819,CMG820,Michele,Garcia,michele.garcia@big.edu,+12448844156,2022,2001-07-30
820,CNB821,Norma,Benton,norma.benton@quite.edu,+13632617767,2023,1987-11-17
821,CMO822,Michelle,Ochoa,michelle.ochoa@yahoo.com,+14372997836,2022,1998-01-06
822,CLT823,Leslie,Thompson,leslie.thompson@gmail.com,+10360899475,2021,1996-02-13
823,CMS824,Mark,Singleton,mark.singleton@opportunity.edu,+10819050596,2023,1984-12-30
824,CLA825,Lori,Allen,lori.allen@yahoo.com,+13898993791,2020,1989-07-08
825,CWM826,William,Morgan,william.morgan@gmail.com,+19328626445,2021,1990-09-09
826,CAJ827,Allison,Jackson,allison.jackson@gmail.com,+17570165843,2021,1991-11-27
827,CWH828,Wanda,Hill,wanda.hill@hit.edu,+14511744186,2020,2000-09-10
828,CAP829,Alan,Pope,alan.pope@gmail.com,+14554493217,2023,1989-04-15
829,CKH830,Kimberly,Haynes,kimberly.haynes@yahoo.com,+19887225153,2020,1974-10-01
830,CKS831,Kelsey,Sullivan,kelsey.sullivan@TV.edu,+17985758168,2023,1993-10-20
831,CKK832,Kevin,Kelley,kevin.kelley@yahoo.com,+12523860289,2020,1999-09-23
832,CMC833,Mark,Coleman,mark.coleman@risk.edu,+15587884606,2023,2003-11-04
833,CJB834,Jose,Bryant,jose.bryant@gmail.com,+17429085608,2023,2007-01-28
834,CGS835,Gregory,Sullivan,gregory.sullivan@yahoo.com,+16515921830,2020,1994-06-12
835,CER836,Emily,Ramsey,emily.ramsey@yahoo.com,+10789987227,2023,1996-01-09
836,CJS837,Jeremy,Shaw,jeremy.shaw@gmail.com,+15598107594,2023,1983-05-04
837,CJM838,Jennifer,Middleton,jennifer.middleton@yahoo.com,+12116826567,2021,1992-05-03
838,CEH839,Eric,Hall,eric.hall@yahoo.com,+18680917998,2021,1986-05-29
839,CHM840,Hayley,Mercado,hayley.mercado@ten.edu,+13343338277,2020,1986-09-17
840,CKJ841,Kathleen,Johnson,kathleen.johnson@gmail.com,+16546599455,2020,1982-02-10
841,CAW842,Amy,Waters,amy.waters@yahoo.com,+17748754033,2020,1994-03-03
842,CRS843,Roger,Smith,roger.smith@do.edu,+18682142431,2021,1983-12-09
843,CRH844,Robin,Henderson,robin.henderson@gmail.com,+19548611619,2023,1988-02-03
844,CNE845,Nicole,Everett,nicole.everett@gmail.com,+13279746955,2021,2000-03-14
845,CBB846,Brian,Berg,brian.berg@career.edu,+18140111351,2021,1999-11-25
846,CKC847,Kathryn,Clayton,kathryn.clayton@its.edu,+14421887190,2020,1988-05-05
847,CMS848,Michael,Smith,michael.smith@nearly.edu,+10461004401,2020,1994-03-22
848,CSD849,Steven,Diaz,steven.diaz@yahoo.com,+17517682261,2021,2009-05-21
849,CDC850,Dennis,Campbell,dennis.campbell@yahoo.com,+14854595933,2020,1989-08-24
850,CWP851,Whitney,Price,whitney.price@picture.edu,+17446582471,2023,1989-08-13
851,CTM852,Travis,Martin,travis.martin@skill.edu,+16520065781,2023,1990-02-11
852,CJR853,Jacob,Rodriguez,jacob.rodriguez@gmail.com,+15726785285,2021,1979-06-29
853,CNV854,Nicole,Valencia,nicole.valencia@return.edu,+12769678111,2022,1994-11-20
854,CJC855,Jerry,Campos,jerry.campos@interest.edu,+15528621422,2022,2003-12-28
855,CJG856,John,Garcia,john.garcia@yahoo.com,+15003392359,2020,1986-08-17
856,CKM857,Kyle,Miller,kyle.miller@science.edu,+18732677992,2022,1990-06-17
857,CAC858,Allison,Curtis,allison.curtis@gmail.com,+16157432707,2022,1986-11-23
858,CTB859,Timothy,Brown,timothy.brown@manager.edu,+12516011912,2021,1986-07-10
859,CDL860,Diane,Lynn,diane.lynn@yahoo.com,+12611260245,2023,1990-07-03
860,CJR861,James,Ramirez,james.ramirez@data.edu,+15667695597,2023,1996-02-10
861,CJN862,Joseph,Newman,joseph.newman@gmail.com,+17752534996,2023,1992-03-22
862,CTP863,Timothy,Porter,timothy.porter@yahoo.com,+19247363024,2021,1992-12-18
863,CRM864,Robert,Miller,robert.miller@yahoo.com,+19060040994,2021,1995-05-08
864,CJH865,Jacob,Huff,jacob.huff@yahoo.com,+13326421686,2023,1990-06-11
865,CTM866,Timothy,Morales,timothy.morales@yahoo.com,+18301299475,2022,1992-08-28
866,CCB867,Charles,Byrd,charles.byrd@those.edu,+15643195491,2022,1991-04-23
867,CDD868,Dana,Davis,dana.davis@yahoo.com,+12565079480,2023,2000-06-02
868,CJD869,Joy,Daniels,joy.daniels@yahoo.com,+16105308822,2022,1993-12-26
869,CHL870,Haley,Lindsey,haley.lindsey@yahoo.com,+17647419489,2022,2000-11-14
870,CJH871,James,Hunt,james.hunt@yahoo.com,+19612754444,2020,2000-03-02
871,CAF872,Amy,Fernandez,amy.fernandez@soon.edu,+19112851814,2020,1980-09-07
872,CTM873,Troy,Michael,troy.michael@economy.edu,+13554702394,2020,1999-11-01
873,CPR874,Peter,Rogers,peter.rogers@gmail.com,+15673266000,2021,1987-10-25
874,CDS875,Derek,Sanchez,derek.sanchez@experience.edu,+12767325903,2023,2005-03-04
875,CJJ876,Jessica,Jackson,jessica.jackson@gmail.com,+12362292194,2023,1992-07-11
876,CDR877,Daniel,Ross,daniel.ross@yahoo.com,+19660779606,2020,1983-05-11
877,CAB878,Andrew,Becker,andrew.becker@gmail.com,+17924201452,2020,1985-06-03
878,CJM879,Joyce,Mcdonald,joyce.mcdonald@gmail.com,+16022042898,2023,1997-08-19
879,CNS880,Nathan,Sullivan,nathan.sullivan@gmail.com,+16222171401,2021,1985-05-08
880,CGW881,Gary,Walls,gary.walls@gmail.com,+14613792813,2021,1994-09-05
881,CKW882,Kyle,Williams,kyle.williams@investment.edu,+15232054502,2020,1999-06-09
882,CWJ883,William,Johnson,william.johnson@business.edu,+13182324256,2021,2001-05-12
883,CTS884,Thomas,Shaw,thomas.shaw@get.edu,+17164419940,2021,2007-10-06
884,CAW885,Ashley,Winters,ashley.winters@yahoo.com,+12457137760,2023,1987-12-11
885,CMD886,Mark,Davis,mark.davis@gmail.com,+13677744105,2020,1985-06-29
886,CGA887,Gina,Alexander,gina.alexander@gmail.com,+18661140923,2020,1978-05-01
887,CLM888,Lauren,Mueller,lauren.mueller@his.edu,+17072741127,2022,1994-07-05
888,CAL889,Amy,Lewis,amy.lewis@gmail.com,+13017213837,2023,1994-04-27
889,CJB890,Jacqueline,Brown,jacqueline.brown@gmail.com,+15651104378,2022,1996-03-03
890,CER891,Earl,Ryan,earl.ryan@gmail.com,+11033689178,2020,1989-03-14
891,CVB892,Vincent,Blake,vincent.blake@gmail.com,+14539977723,2022,1990-06-12
892,CRH893,Robert,Harris,robert.harris@gmail.com,+19658603352,2021,2003-09-28
893,CKG894,Kevin,Gregory,kevin.gregory@yahoo.com,+17234910019,2020,1987-11-19
894,CDW895,David,Wilson,david.wilson@gmail.com,+15640006287,2023,1987-02-17
895,CCH896,Christopher,Harrison,christopher.harrison@gmail.com,+12927934331,2020,1989-08-31
896,CGW897,George,Williams,george.williams@gmail.com,+13525895798,2023,1993-08-18
897,CGA898,Gary,Anderson,gary.anderson@gmail.com,+14263766053,2023,2007-01-13
898,CAL899,Andrea,Lang,andrea.lang@set.edu,+10371207197,2021,1990-11-21
899,CCM900,Christine,Macias,christine.macias@someone.edu,+17546289664,2023,1992-07-21
900,CER901,Emily,Rosario,emily.rosario@lawyer.edu,+13469896658,2023,1995-06-05
901,CCG902,Crystal,Green,crystal.green@yahoo.com,+13159425024,2021,1991-02-27
902,CKD903,Kimberly,Dawson,kimberly.dawson@value.edu,+17039313967,2020,1993-06-30
903,CMP904,Martin,Parks,martin.parks@gmail.com,+15145127272,2021,1991-02-15
904,CRK905,Russell,Kelley,russell.kelley@gmail.com,+13168750437,2023,1992-08-19
905,CRD906,Ronald,Dominguez,ronald.dominguez@gmail.com,+19658337579,2021,1995-06-17
906,CAW907,Ann,Walters,ann.walters@similar.edu,+18985343824,2021,2000-07-28
907,CMA908,Michael,Anderson,michael.anderson@yahoo.com,+13689285635,2021,2001-08-10
908,CDF909,Dennis,Fisher,dennis.fisher@yahoo.com,+15620336079,2021,1988-12-19
909,CCW910,Charles,Williams,charles.williams@gmail.com,+15655541946,2020,1991-12-30
910,CSO911,Steven,Olson,steven.olson@gmail.com,+10810383013,2021,1988-06-11
911,CSC912,Sandy,Cox,sandy.cox@game.edu,+12098321727,2021,1988-03-16
912,CJP913,Jacqueline,Peterson,jacqueline.peterson@southern.edu,+15034884461,2023,1992-09-24
913,CAS914,Andrew,Scott,andrew.scott@late.edu,+18022515773,2021,1976-05-16
914,CRG915,Robert,Gonzalez,robert.gonzalez@gmail.com,+11637171196,2021,1995-09-20
915,CJG916,James,George,james.george@yahoo.com,+16845211025,2022,1991-02-27
916,CML917,Megan,Lopez,megan.lopez@gmail.com,+17002298695,2020,1995-10-05
917,CKO918,Kimberly,Odonnell,kimberly.odonnell@yahoo.com,+13732631505,2023,1994-07-28
918,CCD919,Charles,Davidson,charles.davidson@yahoo.com,+12082429573,2022,1999-12-21
919,CAM920,Ashlee,Morgan,ashlee.morgan@gmail.com,+12552880574,2021,1986-04-05
920,CKJ921,Kimberly,James,kimberly.james@center.edu,+19865891379,2021,1995-12-10
921,CDE922,Dana,Ellison,dana.ellison@yard.edu,+13568705483,2022,1986-06-15
922,CDT923,Donna,Thomas,donna.thomas@gmail.com,+12213613089,2020,1983-03-09
923,CMB924,Miguel,Barnett,miguel.barnett@gmail.com,+14258265795,2020,1991-11-14
924,CMW925,Marilyn,Wang,marilyn.wang@yahoo.com,+14413212833,2022,1995-12-14
925,CVM926,Vanessa,Martinez,vanessa.martinez@gmail.com,+13476852232,2021,1989-03-22
926,CCD927,Christopher,Durham,christopher.durham@yahoo.com,+17792934135,2021,1987-03-06
927,CTJ928,Thomas,Johnson,thomas.johnson@yahoo.com,+16991205325,2021,1986-07-03
928,CAT929,Amanda,Thornton,amanda.thornton@yahoo.com,+11216797253,2021,2002-04-27
929,CBC930,Brenda,Campbell,brenda.campbell@another.edu,+15589349556,2021,1979-08-29
930,CKP931,Katherine,Patel,katherine.patel@structure.edu,+17861733365,2021,1998-09-24
931,CAL932,Amber,Lester,amber.lester@research.edu,+13916073542,2020,2002-09-28
932,CJJ933,James,Johnson,james.johnson@gmail.com,+19689603610,2022,1986-10-11
933,CTC934,Teresa,Choi,teresa.choi@yahoo.com,+18816922384,2020,1994-06-16
934,CCW935,Corey,Walker,corey.walker@second.edu,+19664312286,2022,1990-10-28
935,CJT936,Jasmine,Tran,jasmine.tran@throw.edu,+12657676573,2023,1989-12-23
936,CSM937,Sarah,Malone,sarah.malone@gmail.com,+18792941474,2020,1977-12-08
937,CTH938,Tracy,Hernandez,tracy.hernandez@gmail.com,+12730383563,2022,1990-07-03
938,CDP939,Dawn,Pineda,dawn.pineda@gmail.com,+19363149098,2023,1987-12-10
939,CAA940,Alexandra,Atkinson,alexandra.atkinson@yahoo.com,+10815769577,2020,1994-05-31
940,CML941,Margaret,Lindsey,margaret.lindsey@down.edu,+15650049156,2023,1997-05-04
941,CJW942,Jacob,Wang,jacob.wang@whatever.edu,+14863933920,2023,1984-10-20
942,CRR943,Rick,Ray,rick.ray@yahoo.com,+18623883618,2022,1986-12-30
943,CCS944,Craig,Spencer,craig.spencer@gmail.com,+14643388583,2020,1979-02-05
944,CAV945,Anthony,Vega,anthony.vega@lay.edu,+12029609762,2020,1997-11-12
945,CBF946,Brandon,Flores,brandon.flores@any.edu,+17901672911,2022,1988-09-23
946,CKP947,Karen,Pierce,karen.pierce@yahoo.com,+15396619114,2020,1985-07-12
947,CKN948,Karen,Nunez,karen.nunez@executive.edu,+17868176397,2023,2005-01-18
948,CAP949,Ashley,Patel,ashley.patel@yahoo.com,+17189737828,2020,2001-11-22
949,CMG950,Michael,Gallagher,michael.gallagher@poor.edu,+18958006766,2021,1987-10-06
950,CSE951,Sandra,Everett,sandra.everett@yahoo.com,+10106352558,2020,1989-11-04
951,CDM952,Donald,Mcfarland,donald.mcfarland@gmail.com,+10504513267,2022,1996-10-22
952,CGN953,Gary,Nguyen,gary.nguyen@yahoo.com,+19175559885,2023,1984-05-30
953,CWD954,William,Dorsey,william.dorsey@gmail.com,+13321405913,2023,1998-11-11
954,CJA955,Jonathan,Alexander,jonathan.alexander@model.edu,+18986937729,2021,2003-03-23
955,CMW956,Maria,Watts,maria.watts@offer.edu,+11794401149,2021,1991-01-08
956,CCP957,Corey,Palmer,corey.palmer@gmail.com,+16799458555,2020,1990-08-23
957,CCE958,Christina,Evans,christina.evans@recent.edu,+11446046551,2022,1984-02-17
958,CLN959,Lisa,Nelson,lisa.nelson@gmail.com,+10398804284,2023,1989-11-27
959,CSM960,Samuel,Miller,samuel.miller@exactly.edu,+10445815802,2021,1985-01-11
960,CKP961,Kevin,Parker,kevin.parker@gmail.com,+14821150921,2021,1999-06-14
961,CKD962,Kathleen,Dunn,kathleen.dunn@name.edu,+19927562833,2022,1984-10-14
962,CMB963,Megan,Butler,megan.butler@gmail.com,+11388327173,2022,2000-01-21
963,CRW964,Robert,Webb,robert.webb@what.edu,+14414592366,2023,1983-06-24
964,CDP965,Devin,Perry,devin.perry@early.edu,+18703006297,2022,1993-04-10
965,CCW966,Caitlyn,Washington,caitlyn.washington@yahoo.com,+17846702974,2022,1991-10-07
966,CRG967,Robert,Gregory,robert.gregory@develop.edu,+12115905453,2023,1995-01-05
967,CRR968,Ryan,Robertson,ryan.robertson@yahoo.com,+11856110944,2023,1992-09-23
968,CJS969,Julie,Snyder,julie.snyder@gmail.com,+19255500588,2023,1994-04-02
969,CRH970,Richard,Hall,richard.hall@gmail.com,+13212081379,2023,2003-05-23
970,CJL971,Jeffrey,Lee,jeffrey.lee@yahoo.com,+10912368219,2021,1998-04-29
971,CJM972,Jessica,Mosley,jessica.mosley@gmail.com,+16823097755,2022,1996-09-13
972,COD973,Olivia,Dyer,olivia.dyer@say.edu,+11414995676,2020,1989-07-25
973,CBJ974,Brooke,Jackson,brooke.jackson@yahoo.com,+14025478072,2020,1987-06-29
974,CTK975,Tyrone,Kim,tyrone.kim@general.edu,+19333822258,2023,1994-03-01
975,CMM976,Mary,Martinez,mary.martinez@gmail.com,+15007446679,2022,1988-08-17
976,CJV977,Jason,Vasquez,jason.vasquez@city.edu,+11443773168,2022,1988-02-04
977,CPH978,Patty,Hamilton,patty.hamilton@watch.edu,+12883273788,2022,1994-03-05
978,CTA979,Travis,Allen,travis.allen@develop.edu,+19009989946,2021,2011-03-05
979,CAC980,Alyssa,Cooper,alyssa.cooper@gmail.com,+18466977403,2022,1991-06-03
980,CKM981,Kimberly,Moore,kimberly.moore@yahoo.com,+13396086264,2021,1980-01-25
981,CDM982,Donald,May,donald.may@gmail.com,+19654955237,2022,1996-01-09
982,CSF983,Stephen,Forbes,stephen.forbes@yahoo.com,+15049003610,2023,1985-10-11
983,CDS984,David,Steele,david.steele@gmail.com,+10144784660,2023,1997-05-13
984,CJR985,Jason,Ruiz,jason.ruiz@off.edu,+16423553824,2023,1996-12-17
985,CAG986,Ashley,Gordon,ashley.gordon@Mrs.edu,+13574774853,2023,1974-10-23
986,CRR987,Rose,Roberts,rose.roberts@work.edu,+19642618621,2023,1992-04-13
987,CLG988,Larry,Garcia,larry.garcia@yahoo.com,+11941222000,2022,1999-03-29
988,CSR989,Scott,Raymond,scott.raymond@gmail.com,+11045992994,2023,1982-07-16
989,CBJ990,Beth,Jensen,beth.jensen@gmail.com,+18612439613,2021,1989-03-18
990,CRZ991,Richard,Zamora,richard.zamora@gmail.com,+17547629212,2020,1988-07-24
991,CMD992,Michael,Douglas,michael.douglas@gmail.com,+17226087260,2023,2006-11-09
992,CSP993,Sylvia,Parrish,sylvia.parrish@those.edu,+12262807887,2021,1994-06-07
993,CVM994,Vicki,Morgan,vicki.morgan@yahoo.com,+14800299715,2020,1991-02-21
994,CMT995,Mallory,Tran,mallory.tran@yahoo.com,+10105489140,2022,1992-12-24
995,CJR996,Jonathan,Roberts,jonathan.roberts@yahoo.com,+15444188568,2021,1999-10-25
996,CSL997,Stacy,Lawson,stacy.lawson@gmail.com,+15364026873,2020,1994-05-09
997,CCM998,Crystal,Miller,crystal.miller@gmail.com,+12979839968,2022,1980-03-04
998,CNC999,Nichole,Crawford,nichole.crawford@gmail.com,+13704107915,2021,1994-10-27
999,CMA1000,Matthew,Alvarez,matthew.alvarez@yahoo.com,+14465396182,2023,1986-07-24
